,0,1,2,3,4,5,6,7,8,9,10,11,12,13,14,15,16,17,18,19,20,21,22,23,24,25,26,27,28,29,30,31,32,33,34,35,36,37,38,39,split
2023-01-02 00:00:00,6.430215,50.30746,4.070874,34.613903,44.232735,20.28021,1.2445576,0.93788266,1.6076672,2.533806,6.447381,4.502248,3.158912,0.7392247,0.7392247,0.7392247,0.7392247,0.7392247,0.8600905,1.7051079,1.3330986,1.3576882,25.394693,9.599254,39.774315,2.4077218,6.012354,0.7392247,0.7392247,2.7210553,1.0844109,3.764497,1.0007308,0.7392247,0.7392247,0.7392247,0.7392247,0.7392247,0.7392247,0.7392247,train
2023-01-03 00:00:00,6.227635,118.02821,16.569336,116.35515,112.41869,58.44774,1.2226145,1.358599,1.8813689,5.9702168,13.373976,12.937679,7.5652757,0.7392247,0.7392247,0.7392247,0.7392247,0.7392247,1.0678742,2.618086,2.99247,3.6619513,58.471848,21.503279,97.44244,5.1692553,20.87675,0.7392247,0.7392247,3.4308865,0.7392247,5.329571,0.9753573,0.7392247,0.7392247,0.7392247,0.7392247,0.7657521,0.7392247,0.7392247,train
2023-01-04 00:00:00,7.9314556,132.08054,12.598973,127.03522,123.97695,72.32699,0.91514325,1.0530694,3.9724867,6.15003,12.049749,5.7623544,6.876524,0.7392247,0.7392247,0.7392247,0.7392247,0.7392247,1.3398354,2.0992339,3.0400069,1.47209,67.16697,32.53287,91.76106,4.3743086,29.048044,0.7392247,0.75516534,2.2518008,1.071912,4.859499,1.3853781,0.7392247,0.7392247,0.7392247,0.7392247,0.7392247,0.7392247,0.7392247,train
2023-01-05 00:00:00,3.4784472,127.981445,17.764677,124.39809,121.64918,70.72411,0.7392247,3.5516045,2.6034653,3.5087025,12.677688,5.5506816,10.794789,0.7392247,0.7392247,0.7392247,0.7392247,0.7392247,2.135832,2.4569876,3.3385298,2.2424014,65.919624,28.140919,109.12873,3.0685809,34.948498,0.7392247,0.97820497,1.1427557,1.0213234,3.549905,0.95330644,0.7392247,0.7392247,0.7392247,0.7392247,0.7392247,0.7392247,0.7392247,train
2023-01-06 00:00:00,5.3770986,122.34732,12.6059265,112.79425,109.697136,57.583595,0.7392247,1.251056,2.924353,6.6024613,15.390166,10.225536,12.853907,0.7392247,0.7392247,0.7392247,0.7392247,0.7392247,1.0282881,1.0008843,1.9680064,1.413235,28.46297,23.240036,93.308685,5.4156995,23.139853,0.7392247,0.75516534,1.9686501,0.9881556,3.3911746,0.85078454,0.7392247,0.7392247,0.7392247,0.7392247,0.7392247,0.7392247,0.7392247,train
2023-01-07 00:00:00,2.822838,107.58026,9.040643,97.513054,75.34483,28.40719,0.7392247,2.107567,2.8424895,5.3013577,7.736836,6.157388,4.8266954,0.7392247,0.7392247,0.7392247,0.7392247,0.7392247,1.1896784,1.9916451,1.778435,1.3041737,34.470463,8.469624,65.71396,1.1414826,16.860727,1.3312495,1.8928893,1.2497141,0.7392247,2.6472714,0.7392247,0.7392247,0.7392247,0.7392247,0.7392247,0.7392247,0.7392247,0.7392247,train
2023-01-08 00:00:00,6.102175,126.61773,11.2509985,110.12175,111.419785,45.249077,0.81254315,1.1890032,2.7708218,4.2850904,5.5910854,5.117613,10.760645,0.7392247,0.7392247,0.7392247,0.7392247,0.7392247,1.258362,1.5820878,1.9587328,7.0949306,46.76819,20.170885,50.453827,6.088996,25.612864,1.3917458,2.5424998,2.4522622,0.8012583,4.387149,0.84081864,0.7392247,0.7392247,0.7392247,0.7392247,0.7392247,0.7392247,0.7392247,train
2023-01-09 00:00:00,3.405698,116.10125,8.64957,99.27747,83.48901,30.617653,7.958066,1.2132876,2.3679593,4.273238,8.541998,6.5458984,4.3892794,0.7392247,0.7392247,0.7392247,0.7392247,0.7392247,1.2635214,1.6536381,1.6743605,1.719374,33.853428,21.46367,45.042107,4.70257,18.72954,1.6073954,5.1075764,2.2149994,0.9707997,3.4465058,1.9336827,0.7392247,0.7392247,0.7392247,0.7392247,0.93308187,0.7392247,0.7392247,train
2023-01-10 00:00:00,2.7709515,125.6675,19.598837,72.14537,114.78368,35.638264,14.018791,1.113414,2.8783095,3.3848364,10.351187,4.9587145,7.653498,0.7392247,0.7392247,0.7392247,0.7392247,0.7392247,0.7392247,1.5328953,1.583338,1.2246029,86.53454,37.867096,128.49911,5.2519345,39.71032,2.824756,8.970459,3.230697,1.6670811,3.3093102,1.3446753,0.7392247,0.7392247,0.7392247,0.7392247,1.1373618,0.7392247,0.7392247,train
2023-01-11 00:00:00,6.735325,127.94206,21.2516,37.751408,116.3684,47.96503,9.198544,0.9929106,2.4684536,4.0257826,7.293088,4.5534105,16.388853,0.7392247,0.7392247,0.7392247,0.7392247,0.7392247,1.2252343,2.1801684,2.2714674,1.2499497,42.552456,24.062073,119.37451,3.4476836,26.152624,1.3043654,4.874712,5.5185375,3.937073,4.7638025,1.0578015,0.7392247,0.7392247,0.7392247,0.7392247,0.80298066,0.7392247,0.7392247,train
2023-01-12 00:00:00,5.7219734,127.65994,25.865242,18.186647,123.51742,62.077934,9.936112,1.088074,4.917531,1.249924,15.08637,9.138188,12.174447,0.7392247,0.7392247,0.7392247,0.7392247,0.7392247,1.417352,1.9430668,5.0200367,1.1305249,72.79494,34.74218,124.728874,6.168367,34.608185,2.412472,3.8055756,6.3077374,0.8758671,3.8267987,0.8669207,0.7392247,0.7392247,0.7392247,0.7392247,0.7392247,0.7392247,0.7392247,train
2023-01-13 00:00:00,10.437656,116.955956,10.315192,86.339325,107.279816,65.29178,6.727282,2.0487244,3.1645663,0.7392247,8.180015,11.150793,20.158655,0.7392247,0.7392247,0.7392247,0.7392247,0.7392247,1.6089242,0.95670915,3.0627882,0.7392247,53.652523,37.28247,112.04829,4.879382,28.438187,1.5567191,4.324149,4.8907776,1.6535943,4.383726,1.1791527,0.7392247,0.7392247,0.7392247,0.7392247,0.77425885,0.7392247,0.7392247,train
2023-01-14 00:00:00,4.819148,95.869194,9.204461,98.49497,76.90406,28.08655,3.1170256,1.4395583,1.8241284,5.0314407,7.55034,5.6549945,3.480696,0.7392247,0.7392247,0.7392247,0.7392247,0.7392247,1.1618865,2.014294,0.8407481,4.798127,23.231113,3.7750456,89.98569,1.5321343,14.18037,0.771106,1.2486918,1.718034,0.7392247,3.412245,1.139374,0.7392247,0.7392247,0.7392247,0.7392247,0.7392247,0.7392247,0.7392247,train
2023-01-15 00:00:00,8.388601,101.34961,6.1684628,105.90744,91.64968,39.675167,3.420522,1.3041966,2.209038,1.0578482,4.813553,3.8554842,16.212856,0.7392247,0.7392247,0.7392247,0.7392247,0.7392247,1.099088,1.278723,2.533312,2.9933846,33.97786,19.586203,88.535095,3.7591822,22.084696,0.7392247,2.5503094,3.2509253,2.4581616,3.5489104,1.1443722,0.7392247,0.7392247,0.7392247,0.7392247,1.1883061,0.7392247,0.7392247,train
2023-01-16 00:00:00,5.552121,90.91256,7.582808,104.55456,93.42376,37.64259,3.5238698,1.3124573,2.1603014,6.285034,9.0455265,4.3080187,12.005677,0.7392247,0.7392247,0.7392247,0.7392247,0.7392247,2.3040497,1.8313143,1.7914813,1.0553315,27.895712,22.481142,71.9125,1.7567608,10.9170885,0.93541455,2.655759,4.350191,1.1539338,7.8172426,1.2859671,0.7392247,0.7392247,0.7392247,0.7392247,0.7392247,0.7392247,0.7392247,train
2023-01-17 00:00:00,8.552159,130.68204,18.31075,125.625824,116.314156,75.224236,1.8724587,1.3832171,4.0790567,10.24161,20.075718,12.616397,8.150057,0.7392247,0.7392247,0.7392247,0.7392247,0.7392247,1.4691365,2.613125,1.9345372,1.6977599,65.092224,32.568417,114.73424,3.7572386,25.064129,1.8908017,1.8025153,1.895263,0.974066,10.416498,1.0857089,0.7392247,0.7392247,0.7392247,0.7392247,0.7392247,0.7392247,0.7392247,train
2023-01-18 00:00:00,12.257966,117.55507,15.001708,124.54134,116.18909,57.589096,2.9315073,1.6634676,2.564462,5.9387565,12.050983,8.288872,12.51891,0.7392247,0.7392247,0.7392247,0.7392247,0.7392247,1.2736418,2.4757693,4.2393312,2.9340937,51.860638,46.804386,109.52652,6.464105,26.759825,1.5346587,2.564049,9.017499,4.2077084,9.185338,1.0068638,0.7392247,0.7392247,0.7392247,1.4950306,0.7392247,0.7392247,0.7392247,train
2023-01-19 00:00:00,9.436928,111.663765,16.209557,110.69687,100.396965,24.27338,18.868021,1.0704415,4.274066,5.2978,19.783451,8.88865,7.6656513,0.7392247,0.7392247,0.7392247,0.7392247,0.7392247,1.1284554,1.2391121,1.9259303,7.0818343,55.891308,29.725758,96.35031,5.35395,11.895323,1.0660031,1.2334597,4.4051123,0.7392247,5.827764,0.89306283,0.7392247,0.7392247,0.7392247,0.7392247,0.8177445,0.7392247,0.7392247,train
2023-01-20 00:00:00,5.265278,104.77466,11.079054,90.68995,97.99234,35.372097,5.798551,3.419863,4.150052,4.7418194,11.759393,5.123204,8.82894,0.7392247,0.7392247,0.7392247,0.7392247,0.7392247,2.210436,3.5720265,1.8739426,3.3908465,52.731415,21.206425,96.410934,3.5155156,18.665478,0.97820497,1.5671732,2.9009545,1.9066746,8.582883,0.8705666,0.7392247,0.7392247,0.7392247,2.3265498,0.7392247,0.7392247,0.7392247,train
2023-01-21 00:00:00,1.9276268,108.36324,7.195004,93.52154,92.170815,35.891247,3.366935,2.3480008,3.2112143,10.260574,20.287767,9.332496,7.607547,0.7392247,0.7392247,0.7392247,0.7392247,0.7392247,0.9188101,1.2315037,1.7727101,1.444834,30.733734,14.001844,64.832886,1.2327912,8.916655,0.7392247,1.5044587,0.7392247,0.7392247,5.3975744,1.4723885,0.7392247,0.7392247,0.7392247,0.7392247,0.7392247,0.7392247,0.7392247,train
2023-01-22 00:00:00,11.297643,96.32169,7.280114,65.57641,64.75513,38.160156,5.5569835,0.910187,1.8721936,4.380454,7.47784,6.3701363,9.923373,0.7392247,0.7392247,0.7392247,0.7392247,0.7392247,2.3671248,4.3524513,2.579489,2.9466069,32.9027,27.427563,93.3317,2.8943121,16.953213,0.8667166,2.5313866,2.5368063,1.4250643,8.14779,1.4646523,0.7392247,0.7392247,0.7392247,0.7392247,1.1262524,0.7392247,0.7392247,train
2023-01-23 00:00:00,22.880733,78.74688,19.477139,78.120895,82.14173,42.514347,3.794142,1.6591027,1.4632094,1.3391907,4.525014,5.65381,6.293804,0.7392247,0.7392247,0.7392247,0.7392247,0.7392247,1.9618533,1.7981484,1.5188963,5.64961,21.450697,15.9308815,46.748245,4.396427,12.313077,0.80298066,2.1520464,1.2574952,1.038811,4.7197237,1.0920727,0.7392247,0.7392247,0.7392247,0.7392247,0.7392247,0.7392247,0.7392247,train
2023-01-24 00:00:00,6.114125,106.20803,9.456525,100.53704,113.72543,58.665226,3.339163,1.8217804,2.0283139,4.117606,22.072334,9.599709,7.2176037,0.7392247,0.7392247,0.7392247,0.7392247,0.7392247,2.5705369,1.7375596,1.7087157,3.6826994,21.373415,22.151228,75.15173,4.882617,19.899687,1.0100482,2.0104268,1.7329781,1.236767,5.8477225,0.98139024,0.7392247,0.7392247,0.7392247,0.7392247,1.15327,0.7392247,0.7392247,train
2023-01-25 00:00:00,8.7323475,109.92506,8.244087,100.660385,104.47821,60.588135,4.7340937,2.9864094,1.9045765,6.37649,11.195602,3.308739,13.259345,0.7392247,0.7392247,0.7392247,0.7392247,0.7392247,1.2921641,1.1359789,1.6503747,4.3707075,25.334776,21.999805,85.259285,6.162521,20.239653,0.9815047,1.7221806,5.1402245,2.2494023,6.4015217,1.1622183,0.7392247,0.7392247,0.7392247,0.7392247,0.7392247,0.7392247,0.7392247,train
2023-01-26 00:00:00,9.938579,103.61361,8.348366,97.12382,95.990105,51.47064,4.346611,2.928222,3.5516045,5.308409,12.888247,6.746285,12.585404,0.7392247,0.7392247,0.7392247,0.7392247,0.7392247,1.7486641,1.7371218,1.2239573,1.5773394,31.008463,27.042198,93.929825,5.5411916,21.984997,0.8348515,1.5859101,6.2346787,1.2952902,6.389282,0.98832536,0.7392247,0.7392247,0.7392247,0.7392247,0.7392247,0.7392247,0.7392247,train
2023-01-27 00:00:00,8.923108,106.74049,8.48074,90.23353,92.1967,48.016884,3.7843344,2.076976,1.9922993,4.8864946,9.3852005,7.063682,3.5314066,0.7392247,0.7392247,0.7392247,0.7392247,0.7392247,3.2837565,3.158686,2.7336962,5.886646,10.569355,18.93175,57.191998,2.0407546,25.905815,0.8348515,2.0562985,0.7458489,1.1509259,3.0271227,0.87399316,0.7392247,0.7392247,0.7392247,0.7392247,0.7392247,0.7392247,0.7392247,train
2023-01-28 00:00:00,2.7424433,72.78957,7.908645,71.68915,65.27351,32.185184,2.0181572,2.1143172,1.5234139,1.9064028,12.712551,1.9726241,1.5460627,0.7392247,0.7392247,0.7392247,0.7392247,0.7392247,0.7392247,0.9361012,1.8208516,5.7120514,23.905994,15.883339,54.63769,0.9312594,13.075648,0.804662,1.376632,1.0795977,0.90644574,4.04593,0.8412249,0.7392247,0.7392247,0.7392247,0.7392247,0.7392247,0.7392247,0.7392247,train
2023-01-29 00:00:00,12.441803,86.244835,5.9309473,74.58691,76.1605,35.168053,1.9598935,2.2542584,2.7230256,4.7912655,13.950684,13.941517,2.795828,0.7392247,0.7392247,0.7392247,0.7392247,0.7392247,2.784571,2.5386984,1.5409939,2.740476,11.309422,17.611961,64.22323,2.9572709,10.120789,0.898577,1.3917325,2.5127757,1.5677264,5.817124,0.8603451,0.7392247,0.7392247,0.7392247,0.7392247,0.7392247,0.7392247,0.7392247,train
2023-01-30 00:00:00,5.77308,100.2224,17.94206,81.62803,77.64349,30.662603,1.346926,3.0328534,2.1603014,2.3570044,4.7997475,3.529073,17.564142,0.7392247,0.7392247,0.7392247,0.7392247,0.7392247,1.1269248,1.3269484,1.435139,3.4583437,29.954666,8.8616495,34.4105,2.8378785,6.797144,1.4619935,1.391228,2.2501442,0.8917639,3.1686919,0.9194386,0.7392247,0.7392247,0.7392247,0.7392247,0.7392247,0.7392247,0.7392247,train
2023-01-31 00:00:00,5.544485,117.29798,12.602214,92.6185,93.67909,39.570194,4.037632,1.9485695,2.0535452,4.7503138,12.965185,3.8379996,5.0861607,0.7392247,0.7392247,0.7392247,0.7392247,0.7392247,1.2703326,1.4367592,0.8987372,8.333704,39.35313,40.69481,101.7732,7.309313,17.347052,0.92923665,1.5276101,2.0838702,1.1144116,6.816358,0.7523148,0.7392247,0.7392247,0.7392247,0.7392247,1.8693116,0.7392247,0.7392247,train
2023-02-01 00:00:00,9.060698,131.1751,16.242027,110.629295,112.714806,48.726368,5.9377117,6.636608,7.3730674,13.682331,27.17643,17.42016,17.16589,0.7392247,0.7392247,0.7392247,0.7392247,0.7392247,1.0845196,1.8409522,0.9875624,1.5866263,25.621748,25.406132,111.296616,4.001683,27.340872,0.9739058,2.4173768,3.0958416,1.1306584,5.7974057,1.1983044,0.7392247,0.7392247,0.7392247,0.7392247,1.1850827,0.7392247,0.7392247,train
2023-02-02 00:00:00,15.906075,51.693016,2.795481,32.977722,31.623932,16.367502,4.9319105,0.7392247,2.531685,6.1604877,5.2447557,3.2274382,0.7392247,0.7392247,0.7392247,0.7392247,0.7392247,0.7392247,1.4282639,1.4017813,1.2839243,0.9929335,41.363457,25.955765,77.98673,7.19141,19.624338,1.0740502,2.5823672,2.265117,0.9218056,5.0167284,0.8017132,0.7392247,0.7392247,0.7392247,0.7392247,0.7392247,0.7392247,0.7392247,train
2023-02-03 00:00:00,5.4929657,125.31801,18.765936,123.822586,114.608574,58.171097,8.108643,1.6677325,3.4697344,5.566527,10.653422,7.798781,5.543774,0.7392247,0.7392247,0.7392247,0.7392247,0.7392247,2.2704651,3.046018,4.709757,4.8654385,7.652604,11.05245,71.61305,3.25622,21.344803,0.7392247,1.8008206,4.271002,0.7392247,3.0633376,1.3475678,0.7392247,0.7392247,0.7392247,0.7392247,1.0578015,0.7392247,0.7392247,train
2023-02-04 00:00:00,5.5487165,119.05227,12.705318,103.02698,99.69268,43.736477,4.792987,0.84263253,4.5839233,5.569924,22.122862,12.027988,3.4335177,0.7392247,0.7392247,0.7392247,0.7392247,0.7392247,1.129389,4.5545874,4.004018,2.8213618,10.693833,5.9155087,62.270218,1.5352547,16.345968,0.7392247,0.7392247,1.0746663,0.87734056,2.1846383,0.84913564,0.7392247,0.7392247,0.7392247,0.7392247,0.7392247,0.7392247,0.7392247,train
2023-02-05 00:00:00,13.391413,111.19421,6.6123233,86.25369,76.68434,38.63686,2.930836,1.0155795,1.4029849,3.3183873,12.599391,8.050948,21.855913,0.7392247,0.7392247,0.7392247,0.7392247,0.7392247,1.9772189,2.546552,3.71299,1.9431069,5.8700643,15.632621,35.312458,5.3195167,20.378078,0.7392247,1.4552691,5.2456565,0.7596772,5.0411634,1.2548382,0.7392247,0.7392247,0.7392247,0.7392247,1.0653851,0.7392247,0.7392247,train
2023-02-06 00:00:00,27.526043,128.88087,14.114345,100.50887,98.84511,54.271538,2.5078032,2.4797556,4.789466,13.99267,25.790077,14.340875,29.164097,0.7392247,0.7392247,0.7392247,0.7392247,0.7392247,2.0866635,5.0497503,6.591017,4.8701916,11.226179,15.057283,38.99185,6.6948996,13.943965,0.7392247,1.1691763,2.81942,1.4196866,3.6417964,1.2533171,0.7392247,0.7392247,0.7392247,0.7392247,1.883548,0.7392247,0.7392247,train
2023-02-07 00:00:00,23.106205,134.75098,16.407688,117.706436,121.49523,63.524612,2.0836794,0.7758868,3.152651,4.562215,16.426592,7.9833374,16.726795,0.7392247,0.7392247,0.7392247,0.7392247,0.7392247,0.8472693,1.299165,3.0815232,4.6661367,26.301298,23.78713,85.65539,4.6944237,18.642271,0.7392247,0.8826468,6.1712337,0.7414315,5.2932253,1.4012635,0.7392247,0.7392247,0.7392247,0.7392247,1.344064,0.7392247,0.7392247,train
2023-02-08 00:00:00,15.674747,134.98625,21.103985,119.37898,124.02991,52.35302,1.3249953,0.7392247,3.3313076,12.426401,23.544828,22.669909,17.588287,0.7392247,0.7392247,0.7392247,0.7392247,0.7392247,4.8891554,5.394049,5.2197165,2.6246607,34.16992,20.006802,74.703995,4.7073736,18.64575,0.7392247,0.8667166,5.4099574,1.1483252,5.255139,0.95088506,0.7392247,0.7392247,0.7392247,0.7392247,1.1373618,0.7392247,0.7392247,train
2023-02-09 00:00:00,10.950788,136.47691,26.686693,119.11828,123.072495,58.059834,0.7392247,0.9215405,2.5136263,8.53302,24.066782,9.602858,7.2446566,0.7392247,0.7392247,0.7392247,0.7392247,0.7392247,6.5212173,3.6773055,3.3098767,7.402886,24.574549,27.56191,73.17024,5.4847126,13.510542,0.7392247,0.7392247,5.1869526,2.3696797,4.1372604,1.1265461,0.7392247,0.7392247,0.7392247,0.7392247,0.7392247,0.7392247,0.7392247,train
2023-02-10 00:00:00,6.401453,133.76926,20.721264,121.0412,112.53774,50.14715,0.7392247,0.7392247,3.3312886,14.581647,23.140436,19.460173,18.05837,0.7392247,0.7392247,0.7392247,0.7392247,0.7392247,2.1864464,1.7884581,3.2477467,3.5881073,21.728579,10.0491295,64.910255,2.8833277,21.119223,0.7392247,0.8066704,2.2187245,1.1539338,3.8948367,2.0405552,0.7392247,0.7392247,0.7392247,0.7392247,0.7392247,0.7392247,0.7392247,train
2023-02-11 00:00:00,1.0643733,100.01137,8.055009,68.32283,77.42675,37.56869,0.7392247,0.7392247,4.2682934,13.160664,23.176022,7.731627,1.4295504,0.7392247,0.7392247,0.7392247,0.7392247,0.7392247,1.7933123,1.1936839,2.4351552,7.462244,31.27108,12.8532915,75.65639,1.7086403,8.6083,0.7392247,0.75516534,0.82910657,0.7392247,4.086591,0.7392247,0.7392247,0.7392247,0.7392247,0.7392247,0.7392247,0.7392247,0.7392247,train
2023-02-12 00:00:00,1.58799,119.51985,18.891308,73.669075,81.32242,37.320854,0.7392247,0.7392247,8.958774,12.115481,18.358652,14.923085,1.5377924,0.7392247,0.7392247,0.7392247,0.7392247,0.7392247,1.7531455,1.9733212,3.8083098,17.432152,29.353144,11.575878,37.963997,1.6774714,13.63441,1.6242888,5.9174232,2.4088194,2.3412602,4.1743555,1.1108325,0.7392247,0.7392247,0.7392247,0.7392247,0.898577,0.7392247,0.7392247,train
2023-02-13 00:00:00,2.9064887,122.91082,16.361984,104.21031,98.25754,56.358147,0.7758868,0.81254315,3.7045271,10.001693,33.352814,18.802965,5.5503445,0.7392247,0.7392247,0.7392247,0.7392247,0.7392247,2.029445,6.738103,4.5466156,2.3585923,42.740208,22.042807,20.860538,2.907367,11.285972,1.3917458,8.263497,1.5056298,1.0013659,2.8132775,1.0034258,0.7392247,0.7392247,0.7392247,0.7392247,0.7392247,0.7392247,0.7392247,train
2023-02-14 00:00:00,3.9941752,135.81148,20.732738,123.16983,122.7578,76.87632,0.7392247,1.515054,8.03057,15.83915,44.02807,22.09705,2.846985,0.7392247,0.7392247,0.7392247,0.7392247,0.7392247,1.6066535,3.9719222,5.2909102,4.761428,24.681309,25.31463,77.63492,1.8668721,17.657291,1.8593228,2.3451798,1.4865553,0.9435818,4.424548,1.1650164,0.7392247,0.7392247,0.7392247,0.7392247,0.7392247,0.7392247,0.7392247,train
2023-02-15 00:00:00,12.621707,134.79192,19.762436,115.33822,124.16873,69.257034,1.9528677,3.4483988,5.038657,13.238395,47.36266,28.692663,4.7205887,0.7392247,0.7392247,0.7392247,0.7392247,0.7392247,1.404175,4.6075497,3.6994784,2.401828,39.20051,21.127672,100.12492,5.1731863,33.54195,0.8348515,3.397961,1.7243664,1.0952866,7.6219234,1.0832636,0.7392247,0.7392247,0.7392247,0.7392247,0.7392247,0.7392247,0.7392247,train
2023-02-16 00:00:00,9.246825,129.3574,12.638348,90.03561,100.74547,40.90018,14.230231,1.5917971,4.399391,7.456973,22.242975,11.192671,15.114876,0.7392247,0.7392247,0.7392247,0.7392247,0.7392247,1.6892893,3.82352,2.610391,3.8457491,47.649372,14.068043,124.018616,3.9112265,23.836884,1.664655,2.7024052,2.447468,0.82223725,6.065368,1.261411,0.7392247,0.7392247,0.7392247,0.7392247,1.3446314,0.7392247,0.7392247,train
2023-02-17 00:00:00,12.434697,133.62833,21.415527,108.67105,127.11032,66.25649,13.553407,4.5937853,4.618292,10.471978,34.48141,13.817644,5.915677,0.7392247,0.7392247,0.7392247,0.7392247,0.7392247,3.1196606,7.666495,6.138668,5.2656693,54.47436,21.048069,100.3363,3.6044562,16.692223,1.4488146,1.8340056,3.8331282,1.2202036,4.1891413,1.1407225,0.7392247,0.7392247,0.7392247,0.7392247,0.7392247,0.7392247,0.7392247,train
2023-02-18 00:00:00,4.4270906,121.901146,11.027715,102.36852,107.745995,57.59274,8.171542,1.0492356,2.4838126,4.62862,11.161977,2.9713013,5.8079,0.7392247,0.7392247,0.7392247,0.7392247,0.7392247,2.6381495,4.6697845,5.4278374,4.5962925,24.628561,8.906548,68.264755,0.8458588,15.40136,0.7392247,1.3599541,3.0682614,1.1882708,4.055584,1.0725291,0.7392247,0.7392247,0.7392247,0.7392247,1.5346587,0.7392247,0.7392247,train
2023-02-19 00:00:00,5.809651,134.71356,12.500581,107.236465,116.68932,59.82338,10.01862,0.9482472,4.504445,7.226534,26.727026,8.517392,2.8474896,0.7392247,0.7392247,0.7392247,0.7392247,0.7392247,2.6658776,5.5666637,3.4010985,5.5541167,25.435673,10.73708,55.222797,2.6944878,28.52563,1.3864405,2.9100392,2.154856,0.82398343,4.7664976,1.3291199,0.7392247,0.7392247,0.7392247,0.7392247,0.7392247,0.7392247,0.74120545,train
2023-02-20 00:00:00,7.1227083,132.13753,11.034383,121.86941,111.28851,58.584038,4.5732956,3.2633803,5.764392,11.953713,26.907495,9.61325,18.276215,0.7392247,0.7392247,0.7392247,0.7392247,0.7392247,1.4936345,1.7468865,3.9602826,1.3643124,7.817491,16.33079,45.30121,3.1851733,22.735163,1.1740248,1.7726147,5.998482,1.2010624,6.506858,1.5037711,0.7392247,0.7392247,0.7392247,0.7392247,0.7392247,0.7392247,0.7392247,train
2023-02-21 00:00:00,11.894268,132.60864,11.695458,107.47869,104.46826,58.62087,3.4227774,1.522814,2.9857228,9.963352,32.14827,11.733811,8.862666,0.7392247,0.7392247,0.7392247,0.7392247,0.7392247,2.4121764,3.5989544,2.0739405,1.0705588,31.895233,23.233934,116.6889,3.8750107,28.225996,0.9622824,2.3588412,3.8524067,2.767319,9.782368,1.2382138,0.7392247,0.7392247,0.7392247,0.7392247,0.7392247,0.7392247,0.7392247,train
2023-02-22 00:00:00,8.01554,123.156876,13.168355,108.68314,107.27473,60.187557,3.75692,0.7758868,1.7640278,5.092456,19.188173,8.045213,16.648722,0.7392247,0.7392247,0.7392247,0.7392247,0.7392247,1.1624987,1.6123784,1.2814229,1.7588761,26.5041,17.419588,111.446594,1.0292494,21.560722,0.7392247,2.596269,1.3874123,0.82223725,17.836147,1.06337,0.7392247,0.7392247,0.7392247,0.7392247,0.7392247,0.7392247,0.7392247,train
2023-02-23 00:00:00,6.057283,125.09359,16.321655,108.0461,92.35119,44.8939,3.9010546,0.8877499,3.1397574,5.432219,25.387093,12.990163,8.565726,0.7392247,0.7392247,0.7392247,0.7392247,0.7392247,1.4414923,1.5713894,2.7721426,1.7038052,22.912548,22.79924,92.14337,3.9406216,22.757233,0.81891656,2.253197,4.886468,3.4360602,10.166138,0.87698865,0.7392247,0.7392247,0.7392247,0.7392247,0.898577,0.7392247,0.7392247,train
2023-02-24 00:00:00,7.161846,125.0515,21.476692,124.000984,115.17269,64.37757,7.4426584,1.69123,5.233609,9.634285,21.973396,9.223952,4.654644,0.7392247,0.7392247,0.7392247,0.7392247,0.7392247,1.3089926,2.0614588,3.4934113,0.7392247,29.722225,35.44523,98.97305,5.0004673,15.757999,1.1915448,1.8418629,1.9549448,0.9787934,10.060896,1.7900746,0.7392247,0.7392247,0.7392247,0.7392247,0.7392247,0.7392247,0.7392247,train
2023-02-25 00:00:00,5.881143,125.63029,12.148066,109.52919,109.16706,52.680202,4.099163,3.9086668,5.4327474,10.380022,20.867138,15.028302,3.5565836,0.7392247,0.7392247,0.7392247,0.7392247,0.7392247,1.3065827,2.310156,2.5058644,2.7386668,12.406658,8.55091,94.39101,0.99127126,12.343512,0.7392247,1.0896285,0.80563855,0.80738854,7.1106043,1.2273047,0.7392247,0.7392247,0.7392247,0.7392247,1.0578015,0.7392247,0.7392247,train
2023-02-26 00:00:00,2.0519402,130.7342,12.954918,99.79017,87.88719,31.52105,1.2664988,1.378361,2.9158204,5.762788,14.442193,7.4364667,2.3047335,0.7392247,0.7392247,0.7392247,0.7392247,0.7392247,1.1606171,2.7767632,4.944544,0.88512444,16.779411,28.99384,79.18723,4.967084,16.734676,0.7392247,1.4076178,5.249653,1.2218735,14.239131,1.7665179,0.7392247,0.7392247,0.7392247,0.7392247,0.7392247,0.7392247,0.7392247,train
2023-02-27 00:00:00,5.9453363,119.82499,7.666156,78.57311,93.41437,28.562536,2.1452048,10.814828,2.8424895,5.575263,11.307272,6.800403,9.212921,0.7392247,0.7392247,0.7392247,0.7392247,0.7392247,2.1597874,2.871734,3.3081658,4.263091,30.354235,10.087793,57.59016,2.7398818,10.361034,2.2043717,1.2804883,1.3844969,1.0710642,9.773941,1.4266798,0.7392247,0.7392247,0.7392247,0.7392247,0.7392247,0.7392247,0.7392247,train
2023-02-28 00:00:00,5.3156185,131.9635,22.472921,115.50656,126.69807,56.53866,5.7345905,1.814008,2.7827685,7.872647,23.99564,14.218864,12.504067,0.7392247,0.7392247,0.7392247,0.7392247,0.7392247,1.3548148,2.0439236,3.6485255,4.082445,22.466185,18.64075,94.575226,3.063903,14.895073,1.261575,1.5346587,8.783155,0.7392247,16.755213,1.6807673,0.7392247,0.7392247,0.7392247,0.7392247,0.7392247,0.7392247,0.7392247,train
2023-03-01 00:00:00,10.515477,132.66055,11.658672,112.55775,106.70516,38.341885,4.3780766,1.6244862,3.128815,8.988474,18.528833,10.735719,22.612095,0.7392247,0.7392247,0.7392247,0.7392247,0.7392247,2.4182885,2.5667183,4.1887608,6.7409563,18.630123,12.792155,121.87306,1.1983311,29.22676,1.7567608,1.948849,1.4701254,0.7392247,18.505028,1.2360985,0.7392247,0.7392247,0.7392247,0.7392247,0.7392247,0.7392247,0.7392247,train
2023-03-02 00:00:00,5.321552,113.39252,12.332307,86.073235,94.62438,34.74061,2.389066,1.6582787,5.185093,6.5518136,12.998319,5.3786573,4.9172554,0.7392247,0.7392247,0.7392247,0.7392247,0.7392247,1.6359398,2.7692044,1.7512,1.4768317,22.846199,12.286692,94.42549,3.4092944,24.646124,1.3186448,0.81891656,5.60538,0.7392247,11.85869,1.4346993,0.7392247,0.7392247,0.7392247,0.7392247,0.7392247,0.7392247,0.7392247,train
2023-03-03 00:00:00,5.4857063,122.33418,14.722318,92.485954,104.19252,37.011833,1.8433039,1.8422139,2.95142,8.54319,19.171186,16.59549,14.5694275,0.7392247,0.7392247,0.7392247,0.7392247,0.7392247,1.7155373,2.6737864,3.504862,1.920336,7.19315,5.331374,89.261665,1.8360159,21.99537,0.86487794,1.0479329,1.2451413,0.7392247,7.363591,1.312278,0.7392247,0.7392247,0.7392247,0.7392247,0.7392247,0.7392247,0.7392247,train
2023-03-04 00:00:00,6.7624965,120.197845,8.735944,74.613075,96.72351,40.960457,0.98107076,2.790048,3.096722,16.558895,21.432539,12.304511,7.3163776,0.7392247,0.7392247,0.7392247,0.7392247,0.7392247,1.9417965,3.927745,5.472329,1.2941201,13.255609,5.6954203,60.931,1.7548802,15.316981,0.7870438,0.7870438,1.6553433,0.8646357,4.4097214,1.5445044,0.7392247,0.7392247,0.7392247,0.7392247,0.7392247,0.7392247,0.7392247,train
2023-03-05 00:00:00,10.542173,127.04403,10.287495,85.083824,97.26548,33.994114,1.4856064,0.8198731,10.828974,17.791677,27.19924,15.913693,4.298786,0.7392247,0.7392247,0.7392247,0.7392247,0.7392247,1.8807051,2.0864441,3.8277867,7.1476984,16.631721,15.976246,49.92863,3.4430554,25.181723,1.4425156,1.344064,3.3000119,0.7392247,11.382922,1.8575547,0.7392247,0.7392247,0.7392247,0.7392247,0.7392247,0.7392247,0.7392247,train
2023-03-06 00:00:00,12.507227,128.5621,10.322256,96.485634,108.28804,37.138046,1.017689,2.2825959,6.821087,10.147298,17.4184,7.895635,28.678667,0.7392247,0.7392247,0.7392247,0.7392247,0.7392247,1.9431002,5.1930685,6.3401804,2.3893054,3.475528,14.464671,22.845985,7.2164483,7.83841,0.85078454,2.1210186,1.5717413,0.9599898,6.905744,1.1704257,0.7392247,0.7392247,0.7392247,0.7392247,0.7392247,0.7392247,0.7392247,train
2023-03-07 00:00:00,17.204382,137.15796,19.322233,104.08006,116.57694,70.97785,1.017689,0.7813704,5.3507915,9.173788,18.615639,11.93011,8.32582,0.7392247,0.7392247,0.7392247,0.7392247,0.7392247,2.581589,2.8814337,3.4213307,1.4450896,45.90649,9.365716,67.42982,4.8133945,26.847591,1.7387574,3.9355881,5.2529607,1.3088143,11.891309,1.3667004,0.7392247,0.7392247,0.7392247,0.7392247,0.81522965,0.7392247,0.7392247,train
2023-03-08 00:00:00,18.356773,135.68033,17.220139,104.86816,124.23922,58.525642,0.81254315,1.0229857,4.4363585,6.9397697,27.25878,20.106684,21.29958,0.7392247,0.7392247,0.7392247,0.7392247,0.7392247,2.56942,2.2846768,3.4033034,3.310386,23.080254,16.625072,79.98284,5.1647596,32.889442,1.3664677,2.6435807,3.1151888,0.82223725,5.8779883,1.2226126,0.7392247,0.7392247,0.7392247,0.7392247,0.7392247,0.7392247,0.7392247,train
2023-03-09 00:00:00,3.797684,133.0538,19.35942,102.2427,117.96193,56.04248,1.0396559,1.9989903,4.5516214,6.3028264,19.142138,15.492796,15.68251,0.7392247,0.7392247,0.7392247,0.7392247,0.7392247,4.0442295,4.798497,5.2477555,5.2892666,5.460966,6.7110934,49.390263,1.49702,17.429302,1.5819495,1.9766905,1.4802048,1.1539338,4.067855,0.93627,0.7392247,0.7392247,0.7392247,0.7392247,0.898577,0.7392247,0.7392247,train
2023-03-10 00:00:00,10.209298,136.69942,9.778402,91.079285,119.23899,46.411823,0.82720304,0.9773476,7.1032352,6.827713,14.282802,6.745221,1.4016831,0.7392247,0.7392247,0.7392247,0.7392247,0.7392247,2.8469994,3.1671336,6.2870436,1.2571805,9.794408,6.5459995,44.78371,4.2893314,14.634161,1.614012,1.6111453,2.0337803,2.4271452,3.7103093,1.2599185,0.7392247,0.7392247,0.7392247,0.7392247,0.92906404,0.7392247,0.7392247,train
2023-03-11 00:00:00,3.0657532,130.22963,2.8678658,93.31703,102.346,45.329525,0.7392247,0.75427747,5.385922,9.743299,24.33304,14.220587,2.272156,0.7392247,0.7392247,0.7392247,0.7392247,0.7392247,1.745909,1.9343865,2.950332,2.4574778,8.337165,7.4650826,49.951645,1.344064,18.812824,0.7392247,1.5106957,0.8563025,2.0263693,2.9848645,0.8038199,0.7392247,0.7392247,0.7392247,0.7392247,0.7392247,0.7392247,0.7392247,train
2023-03-12 00:00:00,4.532008,131.21364,26.587383,85.10006,105.78377,40.83552,0.82720304,1.0323336,3.3669903,8.031808,18.929918,8.840813,14.285117,0.7392247,0.7392247,0.7392247,0.7392247,0.7392247,2.8956559,1.8241284,8.468186,2.3928168,15.366049,16.160633,37.670853,6.6906066,16.492802,0.898577,1.5073216,2.4555132,1.2732165,3.8965323,0.9565203,0.7392247,0.7392247,0.7392247,0.7392247,0.7392247,0.7392247,0.7392247,train
2023-03-13 00:00:00,12.963916,131.46861,21.536465,103.493935,101.63649,41.691467,0.7392247,0.92309785,5.691047,9.572129,21.871063,12.225975,9.9660225,0.7392247,0.7392247,0.7392247,0.7392247,0.7392247,2.7904198,1.147506,3.8653357,2.223738,9.306097,15.453078,36.814587,4.7856073,7.5556192,1.3345273,1.7676241,1.037905,1.3195632,2.213215,0.8899224,0.7392247,0.7392247,0.7392247,0.7392247,0.7392247,0.7392247,0.7392247,train
2023-03-14 00:00:00,18.99641,137.68564,36.860546,76.40179,128.25235,55.857594,0.7392247,1.1350071,7.1228538,5.6052003,27.043093,10.465351,2.246402,0.7392247,0.7392247,0.7392247,0.7392247,0.7392247,3.4520686,3.489135,4.042696,3.7968104,17.173105,12.6012945,48.893566,4.4456844,33.766346,1.7280705,1.8807709,2.0630019,0.90868115,4.7477446,0.88550496,0.7392247,0.7392247,0.7392247,0.7392247,0.7392247,0.7392247,0.7392247,train
2023-03-15 00:00:00,6.7855573,138.08328,37.516228,26.89682,117.41658,57.27106,0.7392247,1.7535574,21.426054,17.399044,45.67082,26.0038,4.4523153,0.7392247,0.7392247,0.7392247,0.7392247,0.7392247,3.6845658,3.8382256,4.499264,3.6826947,14.545402,12.037525,45.047604,3.300606,24.938427,0.97820497,1.3870871,1.9813178,1.0710642,3.7148335,0.9674132,0.7392247,0.7392247,0.7392247,0.7392247,1.1373618,0.7392247,0.7392247,train
2023-03-16 00:00:00,6.628557,135.35738,36.460777,44.574467,124.31125,56.59618,0.7392247,1.1723502,8.683674,13.204265,60.12893,23.267195,20.46377,0.7392247,0.7392247,0.7392247,0.7392247,0.7392247,1.5504668,2.6747725,3.0040505,3.006407,11.974108,6.16353,62.524918,3.1931088,20.801636,0.7392247,1.2645915,2.94718,0.7392247,4.2865686,1.3423045,0.7392247,0.7392247,0.7392247,0.7392247,0.7392247,0.7392247,0.7392247,train
2023-03-17 00:00:00,8.8451185,137.86269,42.42495,90.51304,125.49384,67.662025,0.7392247,7.4741287,12.257788,5.861583,55.958694,32.841434,14.431949,0.7392247,0.7392247,0.7392247,0.7392247,0.7392247,4.237919,4.1544666,6.245939,4.976548,3.3061326,10.273413,48.70891,4.8687925,21.038027,1.5629647,1.0451615,4.220455,4.5189867,3.6213534,0.7870438,0.7392247,0.7392247,0.7392247,0.7392247,0.7392247,0.7392247,0.7392247,train
2023-03-18 00:00:00,4.025941,129.17418,24.328201,108.94892,115.84483,34.49042,0.7392247,0.91590524,11.619465,16.543314,37.647717,19.747396,9.695935,0.7392247,0.7392247,0.7392247,0.7392247,0.7392247,4.7037344,3.0823195,4.8702707,1.3518813,3.7457192,5.634111,31.234251,1.4377482,16.77631,0.75648713,1.4914467,0.7392247,0.9629338,2.981887,0.898577,0.7392247,0.7392247,0.7392247,0.7392247,0.7392247,0.7392247,0.7392247,train
2023-03-19 00:00:00,1.9147952,127.93643,26.461594,106.960075,101.426994,36.149155,0.7392247,1.3651841,5.252922,20.743595,25.007093,17.347252,5.4182653,0.7392247,0.7392247,0.7392247,0.7392247,0.7392247,3.4771788,5.0203924,5.339509,6.4084,25.961887,7.167793,27.139257,4.8308697,15.070303,0.7392247,1.427149,1.6338465,5.5413156,3.1156514,1.1770117,0.7392247,0.7392247,0.7392247,0.7392247,0.7392247,0.7392247,0.7392247,train
2023-03-20 00:00:00,7.3709283,117.323044,26.388187,95.37033,78.03884,35.62839,0.7392247,2.1274893,5.5045896,10.7763815,29.436193,14.066104,10.355125,0.7392247,0.7392247,0.7392247,0.7392247,0.7392247,1.9085448,3.7688515,2.7194197,1.8470871,2.5339177,3.3709128,23.971966,4.1216526,35.318924,0.85078454,1.1251194,1.5887625,6.05189,3.861214,0.80751157,0.7392247,0.7392247,0.7392247,0.7392247,0.7392247,0.7392247,0.7392247,train
2023-03-21 00:00:00,6.8015347,136.25136,30.814455,132.50029,124.30132,47.76111,1.6314461,4.7280035,7.4497547,19.834604,37.648422,20.519081,12.780766,0.7392247,0.74533486,0.74074197,0.74018407,0.7401192,3.2454655,4.633813,4.5248528,2.262707,4.012184,9.322067,25.638878,1.6364377,7.030663,0.93043256,2.3392432,2.341698,0.7392247,2.703685,0.89300275,0.7392247,0.7392247,0.7392247,0.7392247,0.7392247,0.7392247,0.7392247,train
2023-03-22 00:00:00,18.45436,136.11032,26.817102,132.70517,126.06701,47.427074,16.656458,1.7797577,10.914075,35.921227,47.519493,19.00377,29.574112,0.7392247,0.7392247,0.7392247,0.7392247,0.7392247,4.830474,5.0412817,6.954358,8.624791,1.995949,10.098274,44.323586,2.1811154,23.28793,1.312278,3.0267327,1.3588688,0.7392247,4.034731,0.9495423,0.7392247,0.7392247,0.7392247,0.7392247,0.7392247,0.7392247,0.7392247,train
2023-03-23 00:00:00,10.987289,136.66666,25.411821,133.96265,116.5675,28.821945,12.235416,3.1391337,13.270662,32.153103,45.769684,18.607775,33.24454,0.7392247,0.7392247,0.7392247,0.7392247,0.7392247,5.4268203,9.342933,6.212442,5.541332,3.841388,3.5731137,47.691944,2.4883416,27.651052,1.1731379,2.0300343,3.8755944,0.7392247,3.556289,1.2379706,0.7392247,0.7392247,0.7392247,0.7392247,0.7392247,0.7392247,0.7392247,train
2023-03-24 00:00:00,9.31961,133.75607,21.963764,128.10757,119.24667,66.35076,12.413764,1.6309092,5.3192534,16.273756,24.328445,9.996665,17.04802,0.7392247,0.7392247,0.7392247,0.7392247,0.7392247,3.3157618,4.0150595,3.3467133,1.8631146,15.143946,5.312337,29.781878,1.8237975,8.579383,0.7392247,1.9286177,2.347254,1.1231377,2.5860407,0.9757836,0.7392247,0.7392247,0.7392247,0.7392247,1.2692893,0.7392247,0.7392247,train
2023-03-25 00:00:00,2.6089022,127.585785,25.265331,111.44721,103.045906,52.806805,5.3975267,0.7392247,4.535531,17.029669,26.148226,14.858303,22.675337,0.7392247,0.7392247,0.7392247,0.7392247,0.7392247,1.408953,2.3090641,3.2354805,1.7588761,2.31716,2.3847477,45.655853,0.7392247,20.781837,0.7392247,2.0917475,0.7392247,0.7392247,2.652591,0.8348515,0.7392247,0.7392247,0.7392247,0.7392247,0.7392247,0.7392247,0.7392247,train
2023-03-26 00:00:00,6.7182693,127.12615,25.044127,100.238884,89.52739,45.998405,7.1014633,3.1691468,15.516053,24.664936,30.485949,24.289673,35.70387,0.7392247,0.7392247,0.7392247,0.7392247,0.7392247,2.7976964,2.8529055,4.3483152,1.8686059,19.192627,6.1020546,35.258354,1.6457455,25.261524,0.94635797,0.8348515,1.5749743,1.8024895,3.12791,1.2122538,0.7392247,0.7392247,0.7392247,0.755131,0.7392247,0.7392247,0.7392247,train
2023-03-27 00:00:00,7.624676,124.3941,13.268807,92.40598,102.877235,49.6655,4.44751,1.3493302,21.006025,30.149584,45.32894,19.855822,26.41851,0.7392247,0.7392247,0.7392247,0.7392247,0.7392247,3.9521573,4.0567293,2.92147,16.253105,1.6213095,1.3654892,27.701056,0.97820497,8.772662,1.0435212,0.74576974,3.212745,2.093837,3.3585532,1.4494936,0.7392247,0.7392247,0.7392247,0.83736634,0.7392247,0.7392247,0.7392247,train
2023-03-28 00:00:00,5.0168657,104.75633,12.180717,65.98075,88.638954,51.9388,5.235868,1.2555506,4.350997,8.301559,19.10985,14.999621,44.64491,0.7392247,0.7392247,0.7392247,0.7392247,0.7392247,2.3599799,4.5174084,6.222151,1.1377604,3.212745,7.0864744,22.031887,3.1145384,7.246768,0.771106,0.9125149,1.0413191,4.028449,2.509517,1.3009312,0.7392247,0.7392247,0.7392247,0.7392247,1.8518612,0.7392247,0.7392247,train
2023-03-29 00:00:00,3.834429,129.44339,25.035543,114.37042,110.763214,72.16346,2.379018,0.79865384,7.6994915,17.603401,22.991348,24.444056,11.632527,0.7392247,0.7392247,0.7392247,0.7392247,0.7392247,3.2447684,4.255393,3.627002,1.3583863,2.2015212,5.653407,33.005962,2.6539137,30.042616,1.1825936,0.88424134,1.92538,0.8634455,3.5877469,0.90372586,0.7392247,0.7392247,0.7392247,0.7392247,0.7392247,0.7392247,0.7392247,train
2023-03-30 00:00:00,9.336973,134.95332,23.484268,127.77548,127.67936,60.390606,4.1270285,6.5875325,21.76294,23.250294,44.36999,24.13967,19.34025,0.7392247,0.7392247,0.7392247,0.7392247,0.7392247,3.7416832,4.9080667,3.7207778,2.5601408,4.1078806,5.6032753,44.41687,4.0056906,23.086967,0.8826468,0.7747977,0.7392247,0.9490473,2.6709416,0.9267485,0.7392247,0.7392247,0.7392247,0.7392247,0.7392247,0.7392247,0.7392247,train
2023-03-31 00:00:00,10.474099,122.49858,16.70728,96.03774,97.172195,39.746723,3.7297719,1.7129414,13.307965,27.701702,34.399048,15.920346,31.412148,0.7392247,0.7392247,0.7392247,0.7392247,0.7392247,4.434499,8.333374,8.062261,2.7690537,2.5567982,5.2532144,43.541367,2.771126,28.482754,0.7392247,0.79746747,1.3874123,1.2496436,3.679847,0.7940924,0.7392247,0.7392247,0.7392247,0.7392247,0.7392247,0.7392247,0.7392247,train
2023-04-01 00:00:00,3.3109763,107.78707,9.085986,84.36121,90.27179,40.05806,2.949485,2.080644,8.487161,30.02771,21.750294,10.019232,25.46177,0.7392247,0.7392247,0.7392247,0.7392247,0.7392247,3.2266133,5.4032245,3.3368113,5.0565395,4.0957136,1.2600644,43.886837,1.7461388,21.614532,0.74320817,0.8317559,1.347028,0.9881556,3.6618102,1.2852757,0.7392247,0.7392247,0.7392247,0.7392247,0.7392247,0.7392247,0.7392247,train
2023-04-02 00:00:00,3.0189106,88.74024,6.375568,34.178394,61.64734,23.150549,1.2768309,0.7392247,2.220259,4.0969067,11.882199,4.9454985,2.5290825,0.7392247,0.7392247,0.7392247,0.7392247,0.7392247,1.3704312,2.3866246,1.8982985,3.6422322,0.78903604,1.312278,11.815509,2.1588442,10.611786,0.92910504,0.771106,0.85033154,0.84145284,3.088714,0.87409043,0.7392247,0.7392247,0.7392247,0.97820497,0.7392247,0.7392247,0.7392247,train
2023-04-03 00:00:00,5.074312,108.66561,12.1605425,24.94994,68.91881,51.497112,1.7533734,0.9461434,2.8663704,4.1331034,26.169233,6.264844,10.713173,0.7392247,0.7392247,0.7392247,0.7392247,0.7392247,1.9825099,4.308256,3.6668265,1.6910937,13.020653,1.795438,36.0669,1.7865889,16.89736,0.7392247,0.89990544,1.4064181,0.7392247,4.2214785,1.016743,0.7392247,0.7392247,0.7392247,0.7392247,0.7392247,0.7392247,0.7392247,train
2023-04-04 00:00:00,6.280652,129.92932,17.725065,85.20412,111.792,44.90726,3.2357943,0.7392247,12.387866,9.312787,39.429363,21.628506,11.692264,0.7392247,0.7392247,0.7392247,0.7392247,0.7392247,1.5024111,4.007798,2.8390152,8.185745,2.3952563,2.627805,70.67207,0.8826468,25.140045,0.7392247,0.7538254,2.5374243,0.9052136,5.3884816,1.8724949,0.7392247,0.7392247,0.7392247,0.7392247,0.7392247,0.7392247,0.7392247,train
2023-04-05 00:00:00,5.578597,123.33182,16.044682,108.55423,113.80836,50.649837,3.501755,0.7404492,10.200022,8.980049,26.573893,17.728085,13.044435,0.7392247,0.7392247,0.7392247,0.7392247,0.7392247,3.1929028,4.6714134,7.221033,5.6219673,32.905235,6.7535996,44.47819,2.1684716,20.188114,0.7392247,0.7392247,2.5932696,0.82223725,4.951064,0.93912244,0.7392247,0.7392247,0.7392247,0.7392247,0.7392247,0.7392247,0.7392247,train
2023-04-06 00:00:00,6.8906813,119.73334,17.370058,70.76206,117.48781,40.200294,3.5411704,0.98107076,5.9641724,3.6898053,35.58907,16.036749,6.140821,0.7392247,0.7392247,0.7392247,0.7392247,0.7392247,3.7674277,2.4113743,5.5341496,4.139065,35.405087,7.997782,62.749237,1.9464839,20.859781,0.7392247,0.7392247,2.8423064,0.7392247,4.1458397,0.82912564,0.7392247,0.7392247,0.7392247,0.7392247,0.7392247,0.7392247,0.7392247,train
2023-04-07 00:00:00,9.816781,120.55226,21.325241,83.68224,115.22566,46.007668,6.7453957,1.5572941,11.614468,38.07242,30.118555,11.590558,7.497545,0.7392247,0.7392247,0.7392247,0.7392247,0.7392247,4.325883,4.1097345,7.7088647,1.8102162,10.051808,5.0074406,62.617676,3.5853436,27.788807,0.7392247,0.7392247,3.9773533,0.90644574,7.6827693,0.93043256,0.7392247,0.7392247,0.7392247,0.7392247,0.7392247,0.7392247,0.7392247,train
2023-04-08 00:00:00,9.927097,122.16953,21.502583,80.947556,108.075775,43.30328,5.0224466,1.434622,11.90687,27.647076,32.590244,14.103502,4.7695236,0.7392247,0.7392247,0.7392247,0.7392247,0.7392247,1.9029706,4.006404,4.765026,1.2137873,2.9618876,2.4202235,36.606842,1.0618918,13.578039,0.7392247,0.7392247,0.7392247,4.4306946,4.562483,0.8086264,0.7392247,0.7392247,0.7392247,0.7392247,0.7392247,0.7392247,0.7392247,train
2023-04-09 00:00:00,3.9689867,94.669754,21.731365,52.977016,74.55551,31.91165,1.2373269,8.653712,5.897818,14.61394,15.4522505,12.86971,7.859464,0.7392247,0.7392247,0.7392247,0.7392247,0.7392247,3.1307728,4.3948765,5.7494903,5.150117,32.37535,8.206376,35.174988,2.7708151,29.405893,0.7392247,0.7392247,1.3699601,2.0811656,5.225413,1.0687459,0.7392247,0.7392247,0.7392247,0.7392247,0.7392247,0.7392247,0.7392247,train
2023-04-10 00:00:00,8.152031,112.66313,14.758184,79.71113,91.04325,40.17514,1.9940493,1.7115185,3.664139,7.371101,18.061544,7.7345076,3.4026816,0.7392247,0.7392247,0.7392247,0.7392247,0.7392247,3.3061259,1.7643616,3.4131167,1.3128855,3.900118,4.700124,39.123737,3.475571,22.984678,0.7392247,0.7392247,3.8773968,2.5603306,3.91315,1.1157372,0.7392247,0.7392247,0.7392247,0.7392247,0.7392247,0.7392247,0.7392247,train
2023-04-11 00:00:00,14.701778,127.753685,18.006353,95.56979,111.21832,45.18104,2.4242156,4.07135,8.816262,13.909692,34.35168,14.161012,2.4359267,0.7392247,0.7392247,0.7392247,0.7392247,0.7392247,3.492221,6.7386656,5.8346376,1.2463076,42.428413,24.886034,90.89006,3.6857665,27.453144,0.7392247,0.7392247,3.5532,1.1539338,8.568442,1.0850546,0.7392247,0.7392247,0.7392247,0.7392247,0.7392247,0.7392247,0.7392247,train
2023-04-12 00:00:00,6.1996408,121.84576,18.673168,89.22769,116.94017,38.489872,5.695669,3.4095738,9.82525,28.01125,43.106354,22.187662,4.263788,0.7392247,0.7392247,0.7392247,0.7392247,0.7392247,2.150143,6.595769,5.717981,1.5389712,20.956903,12.147681,68.15249,4.64485,23.137661,0.7392247,0.7392247,0.88862157,0.874635,5.311921,0.9267161,0.7392247,0.7392247,0.7392247,0.7392247,0.7392247,0.7392247,0.7392247,train
2023-04-13 00:00:00,3.628298,109.3733,15.3341,64.091896,88.04651,32.770725,2.94646,1.875871,5.974413,11.398259,22.909578,15.565163,9.083697,0.7392247,0.7392247,0.7392247,0.7392247,0.7392247,2.534221,3.540171,4.2399483,1.2969401,42.129513,11.726248,104.51685,2.5791476,40.086433,0.7392247,0.7392247,2.3028243,0.8618872,8.0454035,0.93361783,0.7392247,0.7392247,0.7392247,0.7392247,0.7392247,0.7392247,0.7392247,train
2023-04-14 00:00:00,7.162352,120.31886,14.112973,59.038445,114.209816,36.12031,3.170581,0.93750215,4.350997,16.738241,30.497696,15.184637,2.07805,0.7392247,0.7392247,0.7392247,0.7392247,0.7392247,2.6884816,4.6067934,6.042971,1.1811869,28.264599,7.246212,60.83052,3.0844948,35.772503,0.7392247,0.7392247,3.3406918,1.08764,4.8129044,0.92724824,0.7392247,0.7392247,0.7392247,0.7392247,0.7392247,0.7392247,0.7392247,train
2023-04-15 00:00:00,4.5232897,120.39784,21.110477,62.220688,94.13439,33.955338,1.7315075,0.8345349,7.068018,20.040012,26.950851,13.246075,1.8838265,0.7392247,0.7392247,0.7392247,0.7392247,0.7392247,1.8995879,3.8715355,4.3462734,1.571563,40.248917,7.8065414,101.57323,1.5346587,31.517132,0.7392247,0.7392247,5.930479,0.7392247,5.317324,1.2965481,0.7392247,0.7392247,0.7392247,0.7392247,0.7392247,0.7392247,0.7392247,train
2023-04-16 00:00:00,8.863802,102.094124,8.662156,48.430843,79.37225,20.049131,1.8277743,0.7758868,5.8757377,5.8935695,17.313162,6.2259526,1.390938,0.7392247,0.7392247,0.7392247,0.7392247,0.7392247,2.767979,3.2800791,6.4946184,1.4632094,14.804724,7.988866,47.974583,3.5375035,21.692804,0.7392247,0.7392247,5.150882,0.9161532,3.4463189,0.8777764,0.7392247,0.7392247,0.7392247,0.7392247,0.7392247,0.7392247,0.7392247,train
2023-04-17 00:00:00,12.922889,104.75298,20.134855,58.726734,84.60436,26.148937,1.7665637,0.81254315,6.3346906,20.730213,22.527493,9.100681,2.6512997,0.7392247,0.7392247,0.7392247,0.7392247,0.7392247,4.299798,5.76672,4.1813107,0.8552468,27.866568,10.431654,72.461754,3.4957287,19.249746,0.7392247,0.7392247,6.8185663,0.7392247,4.689245,1.0727532,0.7392247,0.7392247,0.7392247,0.7392247,0.7392247,0.7392247,0.7392247,train
2023-04-18 00:00:00,8.654469,119.34203,24.627245,89.40667,119.9786,48.21497,1.4565394,2.5463707,7.5199914,5.2539697,34.7799,19.823168,0.81174684,0.7392247,0.7392247,0.7392247,0.7392247,0.7392247,2.0829165,3.0613291,5.098653,0.81174684,65.68242,17.735212,77.73922,4.138709,24.671772,0.7392247,0.7392247,1.0795977,0.7392247,7.0739436,0.885834,0.7392247,0.7392247,0.7392247,0.7392247,0.7392247,0.7392247,0.7392247,train
2023-04-19 00:00:00,5.304056,117.96068,21.472458,92.881645,110.600525,37.467243,2.3106568,0.81254315,8.825285,11.349604,37.225887,14.796352,13.527732,0.7392247,0.7392247,0.7392247,0.7392247,0.7392247,2.2975686,1.9646828,4.5334244,2.2555697,47.28955,13.512002,102.19117,2.596269,40.022194,0.7392247,0.7392247,2.4075577,0.7392247,5.435296,1.3526318,0.7392247,0.7392247,0.7392247,0.7392247,0.7392247,0.7392247,0.7392247,train
2023-04-20 00:00:00,8.9522915,106.499176,14.203502,107.93486,90.1911,36.470818,3.8741925,1.4949028,7.5659924,27.442463,26.532703,9.312757,4.731146,0.7392247,0.7392247,0.7392247,0.7392247,0.7392247,1.2378943,1.4668238,4.890176,3.9801486,65.25001,29.98673,104.91365,2.4037373,28.475153,0.7392247,0.7392247,5.931575,0.7392247,4.735508,0.8687203,0.7392247,0.7392247,0.7392247,0.7392247,0.7392247,0.7392247,0.7392247,train
2023-04-21 00:00:00,1.1787207,35.699005,4.1805477,101.84281,33.809517,10.158063,0.7392247,0.7392247,3.087743,8.141448,9.387037,4.0942097,1.1479447,0.7392247,0.7392247,0.7392247,0.7392247,0.7392247,1.0780461,1.5903437,2.5329573,0.7392247,41.832233,14.301775,91.57221,1.8518612,15.299995,0.7392247,0.7392247,6.1089296,0.7392247,4.628684,0.8034041,0.7392247,0.7392247,0.7392247,0.7392247,0.7392247,0.7392247,0.7392247,train
2023-04-22 00:00:00,0.85652184,1.3493617,1.0323336,12.982668,2.9257958,1.5003684,0.7392247,0.7392247,0.78757405,2.8806975,1.1160424,0.7392247,0.7392247,0.7392247,0.7392247,0.7392247,0.7392247,0.7392247,0.7392247,0.7392247,1.1884234,0.7392247,2.359464,0.97820497,6.187464,0.7392247,1.0418837,0.7392247,0.7392247,0.7392247,0.7392247,1.502907,0.8667166,0.7392247,0.7392247,0.7392247,0.7392247,0.7392247,0.7392247,0.7392247,train
2023-04-23 00:00:00,0.7392247,0.7392247,0.7392247,0.7392247,0.7392247,0.7392247,0.7392247,0.7392247,0.7392247,0.7392247,0.7392247,0.7392247,0.7392247,0.7392247,0.7392247,0.7392247,0.7392247,0.7392247,0.7392247,0.7392247,0.7392247,0.7392247,0.7392247,0.7392247,0.7392247,0.7392247,0.7392247,0.7392247,0.7392247,0.7392247,0.7392247,0.7392247,0.7392247,0.7392247,0.7392247,0.7392247,0.7392247,0.7392247,0.7392247,0.7392247,train
2023-04-24 00:00:00,0.7392247,0.7392247,0.7392247,0.7392247,0.7392247,0.7392247,0.7392247,0.7392247,0.7392247,0.7392247,0.7392247,0.7392247,0.7392247,0.7392247,0.7392247,0.7392247,0.7392247,0.7392247,0.7392247,0.7392247,0.7392247,0.7392247,0.7392247,0.7392247,0.7392247,0.7392247,0.7392247,0.7392247,0.7392247,0.7392247,0.7392247,0.7392247,0.7392247,0.7392247,0.7392247,0.7392247,0.7392247,0.7392247,0.7392247,0.7392247,train
2023-04-25 00:00:00,0.7392247,0.7392247,0.7392247,0.7392247,0.7392247,0.7392247,0.7392247,0.7392247,0.7392247,0.7392247,0.7392247,0.7392247,0.7392247,0.7392247,0.7392247,0.7392247,0.7392247,0.7392247,0.7392247,0.7392247,0.7392247,0.7392247,0.7392247,0.7392247,0.7392247,0.7392247,0.7392247,0.7392247,0.7392247,0.7392247,0.7392247,0.7392247,0.7392247,0.7392247,0.7392247,0.7392247,0.7392247,0.7392247,0.7392247,0.7392247,train
2023-04-26 00:00:00,0.85959744,17.363607,4.6324835,78.44535,21.210716,6.2883015,1.1655715,0.885834,1.4029849,4.754651,5.03973,3.9622328,1.4632094,0.7392247,0.7392247,0.7392247,0.7392247,0.7392247,1.571563,2.339495,1.766084,1.108803,27.671818,6.80409,22.14765,1.0660031,4.805831,0.7392247,0.7392247,0.9052136,0.7392247,1.6735051,0.84441113,0.7392247,0.7392247,0.7392247,0.7392247,0.7392247,0.7392247,0.7392247,train
2023-04-27 00:00:00,4.9769745,65.04806,6.054475,68.63921,48.062813,21.916304,1.380151,1.2264416,4.3273735,10.0340605,13.65832,5.3745313,3.1554787,0.7392247,0.7392247,0.7392247,0.7392247,0.7392247,2.2191136,4.9986467,1.8872283,1.6288683,25.816011,10.26124,53.978714,0.7392247,19.967722,0.7392247,0.7392247,3.2416155,0.7392247,2.1573803,0.80298066,0.7392247,0.7392247,0.7392247,0.7392247,0.7392247,0.7392247,0.7392247,train
2023-04-28 00:00:00,1.6413386,56.843693,8.880599,58.780922,41.581177,18.405567,1.289901,0.81254315,3.6760113,13.418077,21.432339,7.255374,3.2912076,0.7392247,0.7392247,0.7392247,0.7392247,0.7392247,1.0774281,2.6548865,3.0028336,2.2058709,38.17267,22.258287,107.00199,2.9644387,23.551212,0.7392247,0.7392247,8.69625,0.7392247,4.5889874,0.813761,0.7392247,0.7392247,0.7392247,0.7392247,0.7392247,0.7392247,0.7392247,train
2023-04-29 00:00:00,1.6223595,46.91703,6.2204714,34.48661,32.654877,17.561531,1.1787207,1.3615429,2.1842873,3.4383624,10.768754,7.632903,26.075521,0.7392247,0.7392247,0.7392247,0.7392247,0.7392247,0.7392247,1.3150208,1.0161574,5.7055182,61.972317,37.52254,100.80601,1.7928946,13.673674,0.7392247,0.7392247,1.3294022,0.7392247,3.2474768,0.79761434,0.7392247,0.7392247,0.7392247,0.7392247,0.7392247,0.7392247,0.7392247,train
2023-04-30 00:00:00,0.9346802,72.415405,5.072891,63.71695,59.55863,17.987757,2.6090043,0.878505,2.5197184,7.453126,15.378743,11.618964,8.380771,0.7392247,0.7392247,0.7392247,0.7392247,0.7392247,1.1618865,3.041567,1.5354521,1.4632094,29.579493,20.081392,87.26247,4.0155354,26.0774,0.7392247,0.7392247,2.7983534,0.9629338,6.090841,0.9570334,0.7392247,0.7392247,0.7392247,0.7392247,0.7392247,0.7392247,0.7392247,train
2023-05-01 00:00:00,7.756728,55.676914,7.136933,61.20261,57.037384,18.735128,2.1782782,1.1787207,1.9442666,10.478334,2.7634137,6.2704334,0.81174684,0.7392247,0.7392247,0.7392247,0.7392247,0.7392247,1.4790184,4.9608507,3.7774985,1.8962224,33.626095,32.090088,65.28709,6.039858,24.063168,0.7392247,0.7392247,4.2461004,5.340833,4.330634,0.93043256,0.7392247,0.7392247,0.7392247,0.7392247,0.7392247,0.7392247,0.7392247,train
2023-05-02 00:00:00,6.254212,65.60989,4.438898,33.959904,45.237648,17.144995,1.5690272,1.3070853,2.1243145,7.3943734,3.7804463,6.3701515,2.6184838,0.7392247,0.7392247,0.7392247,0.7392247,0.7392247,1.5835984,3.9683573,2.2639887,0.77548814,25.183939,15.072973,90.73351,0.89251924,18.788607,0.7392247,0.7392247,2.7111008,0.8563025,3.4235537,0.9792073,0.7392247,0.7392247,0.7392247,0.7392247,0.7392247,0.7392247,0.7392247,train
2023-05-03 00:00:00,6.5933104,80.01643,9.684107,46.897415,30.039661,6.6841154,4.2957935,0.7832196,4.8225336,18.585005,1.5137827,4.801588,8.037947,0.7392247,0.7392247,0.7392247,0.7392247,0.7392247,1.1498234,7.7180524,4.3695545,0.8111365,5.143511,22.347574,58.118385,2.2330382,8.684997,0.7392247,0.7392247,3.0824416,0.7392247,2.8143523,0.95021176,0.7392247,0.7392247,0.7392247,0.7392247,0.7392247,0.7392247,0.7392247,train
2023-05-04 00:00:00,6.8938684,50.01065,3.3244784,16.92593,12.431942,5.336659,1.709902,1.7700408,1.6076672,3.159159,1.4776614,1.4343493,1.3847821,0.7392247,0.7392247,0.7392247,0.7392247,0.7392247,1.0532906,5.247856,3.5551436,0.7392247,79.020164,43.48452,127.40637,4.4683676,27.499117,0.7392247,0.7392247,3.3490193,0.7945893,7.0350065,0.93468213,0.7392247,0.7392247,0.7392247,0.7392247,0.7710688,0.7392247,0.7392247,train
2023-05-05 00:00:00,5.3609595,29.946953,3.1501162,4.155998,5.2892776,9.535917,4.1732025,0.82951665,1.5835984,0.7392247,0.7392247,1.9754889,1.4270785,0.7392247,0.7392247,0.7392247,0.7392247,0.7392247,0.7392247,1.8457596,1.665416,0.7392247,56.32059,39.446415,107.210236,5.828595,26.62749,0.7392247,0.7392247,1.2788765,0.7528603,8.115435,1.2109263,0.7392247,0.7392247,0.7392247,0.7392247,1.4123347,0.7392247,0.7392247,train
2023-05-06 00:00:00,4.814414,77.44228,5.2024612,12.901217,20.289808,6.6331882,0.86385083,1.0542977,0.8359139,1.0001757,2.8669693,1.3427107,12.002613,0.7392247,0.7392247,0.7392247,0.7392247,0.7392247,0.7392247,0.84799695,0.9932482,0.75373006,42.807766,14.109099,95.29677,0.93541455,14.176596,1.197407,1.5719674,0.77331185,0.7392247,5.359308,0.88716626,0.7392247,0.7392247,0.7392247,0.7392247,0.7392247,0.7392247,0.7392247,train
2023-05-07 00:00:00,6.3565836,117.37676,19.269947,56.55273,83.43076,49.50495,2.6143687,1.2825882,3.0811331,1.2282202,3.5316136,1.7763779,35.64797,0.7392247,0.7392247,0.7392247,0.7392247,0.7392247,0.79965997,2.3041365,1.917373,1.7166274,33.11273,27.525671,87.941956,2.1828883,26.095753,1.9030526,2.8548987,3.3123047,0.84145284,5.6528788,1.3567593,0.7392247,0.7392247,0.7392247,0.7392247,0.7392247,0.7392247,0.7392247,train
2023-05-08 00:00:00,3.2082446,124.25546,12.494256,106.165375,122.30848,51.243343,1.9510815,0.7392247,2.2828553,4.711996,25.682877,12.704145,16.924301,0.7392247,0.7392247,0.7392247,0.7392247,0.7392247,1.2358334,2.6726706,2.8721554,0.7392247,24.040377,35.591133,104.84432,5.1650715,21.496044,1.1137002,7.9396715,3.3599284,0.77243257,6.384875,1.0969708,0.7392247,0.7392247,0.7392247,0.7392247,0.7392247,0.7392247,0.7392247,train
2023-05-09 00:00:00,7.005908,131.32335,28.060165,116.20745,104.43866,44.282207,3.7263272,2.701316,8.574029,32.056973,47.500713,17.718908,19.027678,0.7392247,0.7392247,0.7392247,0.7392247,0.7392247,1.9573166,2.3314936,1.3858569,1.2294953,53.50426,31.68485,114.33376,3.3935635,23.146536,2.0407546,1.2299321,8.253018,0.9052136,4.3983507,0.94635797,0.7392247,0.7392247,0.7392247,0.7392247,0.7392247,0.7392247,0.7392247,train
2023-05-10 00:00:00,5.5252166,119.83674,20.982208,115.36188,106.07142,42.632023,3.979831,0.7392247,8.322671,29.126732,36.37917,20.276094,12.7686825,0.7392247,0.7392247,0.7392247,0.7392247,0.7392247,1.8467858,4.9619865,4.7600183,0.95670915,63.29993,43.903484,115.60196,3.854049,20.151497,0.81891656,1.4592392,1.0647271,3.158312,4.9126863,0.90963006,0.7392247,0.7392247,0.7392247,0.7392247,0.7392247,0.7392247,0.7392247,train
2023-05-11 00:00:00,5.097148,124.73081,20.624609,119.87763,113.60843,46.323338,2.1785834,0.7392247,9.772369,20.147636,31.837887,12.435754,14.566191,0.7392247,0.7392247,0.7392247,0.7392247,0.7392247,3.4468472,5.6363106,5.0252743,2.1296637,37.645977,45.835545,103.21156,5.895209,23.463854,2.110473,1.7380364,1.6028826,0.83356977,5.9555464,1.1456673,0.7392247,0.7392247,0.7392247,0.7392247,0.7392247,0.7392247,0.7392247,train
2023-05-12 00:00:00,18.293705,119.296936,18.989254,112.16266,115.4564,44.73076,1.3629935,0.9414885,6.999454,19.706625,28.998796,9.394031,3.7773936,0.7392247,0.7392247,0.7392247,0.7392247,0.7392247,4.3618584,9.465721,7.13176,1.9029706,100.59833,35.63828,122.00993,4.0061398,27.418617,1.2726014,1.6840918,3.865702,2.6009943,10.641473,1.1164925,0.7392247,0.7392247,0.7392247,0.7392247,0.7392247,0.7392247,0.7392247,train
2023-05-13 00:00:00,11.597515,114.16447,10.704485,110.21556,87.4885,37.202263,0.7392247,0.7392247,12.087052,27.486633,37.442314,16.366827,7.729571,0.7392247,0.7392247,0.7392247,0.7392247,0.7392247,1.8412879,1.7155011,4.5935354,0.7392247,28.099564,15.988438,115.03763,1.7056324,22.847383,0.7392247,1.6616089,1.2252257,0.82223725,2.7837775,0.80204415,0.7392247,0.7392247,0.7392247,0.7392247,0.7392247,0.7392247,0.7392247,train
2023-05-14 00:00:00,5.784541,92.348305,6.6923842,94.039185,92.725685,28.751188,3.9389355,0.81254315,3.545356,10.059567,22.572847,12.056686,10.138582,0.7392247,0.7392247,0.7392247,0.7392247,0.7392247,3.156051,6.4098444,5.9233074,1.4667599,16.737423,16.11402,96.61854,5.378972,18.729527,1.0292494,2.1210186,3.1157887,0.93282056,5.54652,0.9399884,0.7392247,0.7392247,0.7392247,0.7392247,1.1933472,0.7392247,0.7392247,train
2023-05-15 00:00:00,5.468335,92.61124,7.97659,78.11922,85.57049,29.008747,2.2825959,3.3605034,3.4026816,7.7153063,22.018456,11.548437,12.066218,0.7392247,0.7392247,0.7392247,0.7392247,0.7392247,2.411978,4.6537304,5.171811,1.840769,23.227774,21.771172,104.15259,5.640199,11.382072,0.7392247,2.2122653,4.744791,3.0623286,3.9352334,0.80933213,0.7392247,0.7392247,0.7392247,0.7392247,0.7392247,0.7392247,0.7392247,train
2023-05-16 00:00:00,13.910032,111.49863,22.557312,97.424576,87.59235,32.40835,1.0247033,1.9587023,8.460488,20.326797,26.319765,20.993435,14.316246,0.7392247,0.7392247,0.7392247,0.7392247,0.7392247,2.4147294,4.1231766,4.5688047,4.518425,55.778652,25.580498,109.56676,2.526662,18.384089,0.81891656,1.5531781,1.7568705,0.7392247,5.701181,0.8699038,0.7392247,0.7392247,0.7392247,0.7392247,0.7392247,0.7392247,0.7392247,train
2023-05-17 00:00:00,4.336851,109.90747,16.250698,100.51915,88.060234,32.56661,1.0989697,0.929188,7.355681,19.55208,31.370386,18.953363,4.0649204,0.7392247,0.7392247,0.7392247,0.7392247,0.7392247,2.5534222,7.3080583,3.7747443,2.5158846,25.568434,20.38903,94.01634,4.7239723,13.498991,1.3917325,2.295605,3.279466,0.7392247,4.728116,0.8102772,0.7392247,0.7392247,0.7392247,0.7392247,0.7392247,0.7392247,0.7392247,train
2023-05-18 00:00:00,1.5834525,103.30247,15.691631,100.33333,86.05987,32.74886,0.7392247,0.81254315,4.634137,15.511411,24.08841,14.364682,5.022764,0.7392247,0.7392247,0.7392247,0.7392247,0.7392247,3.5121348,7.330325,3.4697678,2.040537,41.067924,29.119497,93.01554,4.888054,15.557292,1.9038308,2.4686863,1.4520009,0.7528603,3.8777897,0.88883424,0.7392247,0.7392247,0.7392247,0.7392247,0.7392247,0.7392247,0.7392247,train
2023-05-19 00:00:00,4.869032,90.818184,10.779453,67.20477,53.38315,20.308748,0.98991036,0.8253701,4.586993,8.783449,18.232052,7.147657,10.99584,0.7392247,0.7392247,0.7392247,0.7392247,0.7392247,2.1243145,5.323557,3.5112994,1.6559317,20.878948,17.326946,92.980515,3.4823325,17.859573,0.76984143,2.237651,2.1256707,0.75800633,3.1845639,0.87334085,0.7392247,0.7392247,0.7392247,0.7392247,0.7392247,0.7392247,0.7392247,train
2023-05-20 00:00:00,1.023576,68.83966,10.7483835,59.176315,49.078976,20.542118,0.7392247,0.7832196,3.0692103,9.612141,16.112074,11.192611,3.9665854,0.7392247,0.7392247,0.7392247,0.7392247,0.7392247,1.4772179,3.1084187,1.6349356,2.8592064,31.217648,21.439468,85.841705,2.6196501,17.509768,0.81891656,3.9615586,2.5381072,0.7392247,4.5693417,0.941128,0.7392247,0.7392247,0.7392247,0.7392247,0.7392247,0.7392247,0.7392247,train
2023-05-21 00:00:00,3.92686,56.011,7.047002,81.407845,34.473988,11.633625,4.4715443,1.2215292,4.0954742,4.7455616,8.277928,5.2978516,2.3154032,0.7392247,0.7392247,0.7392247,0.7392247,0.7392247,1.1489823,3.1555808,3.0177128,2.3702223,26.197758,12.154987,67.996086,5.018697,17.984821,1.0737145,3.6293871,5.072647,0.90868115,4.4459753,1.0020955,0.7392247,0.7392247,0.7392247,0.7392247,0.7392247,0.7392247,0.7392247,train
2023-05-22 00:00:00,4.998642,41.503765,5.939933,43.038044,39.748558,15.3366995,6.5689135,5.403539,2.6393435,9.734885,19.288103,9.057543,8.256806,0.7392247,0.7392247,0.7392247,0.7392247,0.7392247,2.5394547,4.079132,6.3528233,1.8381436,4.7121315,15.504052,34.403248,1.7167866,6.3321238,1.0737145,1.631201,0.7392247,1.0710642,2.5760462,0.90596795,0.7392247,0.7392247,0.7392247,0.7392247,0.7392247,0.7392247,0.7392247,train
2023-05-23 00:00:00,2.5126536,71.796745,8.201789,57.041565,58.213676,21.072678,3.835109,2.2728207,3.3312886,8.557554,15.306182,9.054246,3.2214787,0.7392247,0.7392247,0.7392247,0.7392247,0.7392247,1.4993346,3.5065958,3.431227,2.0316746,12.763587,12.21791,51.987537,2.3897364,11.112032,0.8826468,2.3709633,0.9052136,0.7392247,2.9194195,0.7870438,0.7392247,0.7392247,0.7392247,0.7392247,0.7392247,0.7392247,0.7392247,train
2023-05-24 00:00:00,2.9211,56.347336,5.8257923,51.459347,68.783005,31.468155,6.9389057,1.5847638,3.8421185,8.824698,19.134842,9.579464,1.7723238,0.7392247,0.7392247,0.7392247,0.7392247,0.7392247,1.5744803,3.7593396,6.263719,2.08027,21.34554,27.918581,80.832,3.143325,26.47146,0.771106,1.9476407,3.0079587,6.877919,4.4997272,0.97370934,0.7392247,0.7392247,0.7392247,0.7392247,0.93541455,0.7392247,0.7392247,train
2023-05-25 00:00:00,5.8318925,63.142372,5.493939,32.080288,30.349924,14.648193,2.3651755,0.9532931,2.0643208,5.0821476,12.903487,6.080058,3.971452,0.7392247,0.7392247,0.7392247,0.7392247,0.7392247,2.0905077,4.478755,5.715481,3.1683314,7.458409,25.099876,50.167545,3.2523081,11.413293,0.9161656,1.2938483,2.6246188,0.84145284,3.3146107,0.94114614,0.7392247,0.7392247,0.7392247,0.7392247,0.7392247,0.7392247,0.7392247,train
2023-05-26 00:00:00,4.770508,52.344,5.9397445,48.596706,39.34847,18.995562,6.152125,3.7707398,3.3669903,7.9950027,11.495009,7.463963,1.2688849,0.7392247,0.7392247,0.7392247,0.7392247,0.7392247,1.5601094,3.8092005,5.408028,0.88424134,7.376027,23.573465,57.94399,3.1315014,17.7042,0.9639342,1.2682488,1.1003506,0.9639962,3.8471615,0.9736502,0.7392247,0.7392247,0.7392247,0.7392247,0.7392247,0.7392247,0.7392247,train
2023-05-27 00:00:00,2.7523444,34.6667,3.2762644,26.52815,28.81682,12.260864,4.7030487,0.7392247,1.5409062,4.1751604,4.4537582,5.0667667,0.8552468,0.7392247,0.7392247,0.7392247,0.7392247,0.7392247,1.1591437,1.6102803,3.4284413,0.8189957,24.257265,11.141426,37.636257,1.2820799,5.2674184,0.7392247,0.91450524,1.0152714,0.9052136,3.1817925,0.9941275,0.7392247,0.7392247,0.7392247,0.7392247,0.7392247,0.7392247,0.7392247,train
2023-05-28 00:00:00,1.3737261,22.532782,2.459864,12.656006,25.445393,15.277198,1.2328789,1.0904915,2.411978,4.008869,8.360757,7.229145,2.1174881,0.7392247,0.7392247,0.7392247,0.7392247,0.7392247,1.0474455,2.6829512,3.1405623,0.8605015,13.52813,14.131299,35.872765,3.1459725,5.311677,1.200988,1.0785134,3.345791,1.43623,1.7739193,0.9017632,0.7392247,0.7392247,0.7392247,0.7392247,0.7392247,0.7392247,0.7392247,train
2023-05-29 00:00:00,1.7673457,39.1973,4.5899477,21.297031,23.617474,11.14207,1.1055405,0.834944,2.2442372,5.3041654,8.99088,6.5536895,0.9702456,0.7392247,0.7392247,0.7392247,0.7392247,0.7392247,1.2282879,1.9624465,2.0115082,1.8842938,5.1464186,11.842249,27.426577,1.5741341,4.4668474,0.7392247,0.88716626,1.5839255,0.9052136,2.4067042,0.771106,0.7392247,0.7392247,0.7392247,0.7392247,1.0578015,0.7392247,0.7392247,train
2023-05-30 00:00:00,6.0416765,83.73104,7.165174,51.354366,62.42577,41.670334,2.8602393,1.0689423,5.127593,14.010001,26.14111,21.305101,1.8727715,0.7392247,0.7392247,0.7392247,0.7392247,0.7392247,0.99952435,2.6314023,5.0086412,1.0299113,24.670656,19.338764,62.527336,2.7883866,10.984071,0.7392247,1.296385,1.8682797,0.78903604,4.7721252,0.80298066,0.7392247,0.7392247,0.7392247,0.7392247,1.1112845,0.7392247,0.7392247,train
2023-05-31 00:00:00,2.332945,60.09361,5.26165,34.27424,52.831776,22.912537,1.5797856,3.1560366,2.4838126,5.871867,13.20537,8.324807,3.7091582,0.7392247,0.7392247,0.7392247,0.7392247,0.7392247,1.7920535,3.7249854,4.867243,1.2443154,6.8494973,16.12344,66.32002,4.841264,13.23759,0.80298066,0.8826468,1.0665066,1.9266369,4.4705896,0.7604401,0.7392247,0.7392247,0.7392247,0.7392247,1.7164242,0.7392247,0.7392247,train
2023-06-01 00:00:00,1.5662682,52.259422,3.0121653,40.918564,43.112213,25.670889,2.591759,2.5343401,1.0170786,4.9376907,13.4613695,11.0843525,4.877738,0.7392247,0.7392247,0.7392247,0.7392247,0.7392247,1.8005297,3.8989804,5.0278254,0.84799695,13.369194,12.698487,51.21578,3.223513,16.17018,0.77907586,1.133259,1.1233256,3.2794468,5.16123,0.9659035,0.7392247,0.7392247,0.7392247,0.7392247,3.1145384,0.7392247,0.7392247,train
2023-06-02 00:00:00,4.0709743,35.671368,2.2202094,21.864048,48.603504,18.806698,1.8682444,0.7909367,1.6437619,3.0789883,5.343141,4.1551466,0.7392247,0.7392247,0.7392247,0.7392247,0.7392247,0.7392247,1.5354521,1.9538748,3.470112,0.7392247,3.9064877,12.533948,13.206478,3.4719107,3.5958703,0.7392247,0.898577,2.22777,0.7392247,1.4346735,0.75516534,0.7392247,0.7392247,0.7392247,0.7392247,0.7392247,0.7392247,0.7392247,train
2023-06-03 00:00:00,2.0497077,23.421091,2.7881768,32.9578,32.73026,16.157263,1.0909026,1.0323336,1.5835984,6.8128514,6.224802,4.556857,0.7392247,0.7392247,0.7392247,0.7392247,0.7392247,0.7392247,0.7634003,1.553509,3.0599272,0.7392247,4.1756516,1.4469407,11.3268175,0.7857201,4.527529,0.7392247,0.79501176,0.9822953,0.9052136,1.3572829,0.84441113,0.7392247,0.7392247,0.7392247,0.7392247,0.7392247,0.7392247,0.7392247,train
2023-06-04 00:00:00,2.6731675,36.207,5.1118774,23.55309,21.349878,8.393156,0.95253205,0.8052113,1.6557915,2.8914425,5.626833,3.2725832,1.0653613,0.7392247,0.7392247,0.7392247,0.7392247,0.7392247,1.2824748,1.7267554,2.2698529,0.90598416,1.0047419,9.784253,22.216879,2.3636124,18.709661,1.2410643,2.6859467,2.0859892,0.75396276,1.0776951,0.90190816,0.7392247,0.7392247,0.7392247,0.7392247,0.7392247,0.7392247,0.7392247,train
2023-06-05 00:00:00,5.6706557,49.876682,4.0155964,17.962206,25.104563,8.477801,1.3250039,1.5920527,1.4648917,3.3566802,5.798357,4.7267513,1.5236742,0.7392247,0.7392247,0.7392247,0.7392247,0.7392247,0.93742394,0.9665358,3.0803072,1.6076672,4.8367243,4.9157553,29.273224,2.146703,15.354222,1.1312363,4.7443867,4.6002283,0.7392247,2.0589793,0.81036115,0.7392247,0.7392247,0.7392247,0.7392247,0.7392247,0.7392247,0.7392247,train
2023-06-06 00:00:00,5.808285,110.43914,9.5085745,89.86723,81.879814,30.142826,3.4214356,0.90048814,5.1779375,3.7550938,15.146596,8.698912,1.7296965,0.7392247,0.7392247,0.7392247,0.7392247,0.7392247,1.7839262,2.514931,5.3670044,1.6365454,8.906295,6.867911,44.272736,4.215703,15.028222,1.6760705,6.3667703,4.5948696,0.7392247,3.1467774,0.8252909,0.7392247,0.7392247,0.7392247,0.7392247,0.7392247,0.7392247,0.7392247,train
2023-06-07 00:00:00,1.0341055,106.701355,7.268313,69.23445,78.86443,23.987617,2.1028836,1.0151436,2.9141238,3.3741276,18.111027,10.27977,3.8457491,0.7392247,0.7392247,0.7392247,0.7392247,0.7392247,1.3043015,1.2282202,3.412286,1.1703885,6.552633,15.938446,44.337105,3.2753031,14.358718,1.8608248,1.6894953,2.096491,0.970073,4.9645805,0.87905717,0.7392247,0.7392247,0.7392247,0.7392247,0.7392247,0.7392247,0.7392247,train
2023-06-08 00:00:00,8.22141,88.089165,8.162136,60.122192,50.49027,23.398304,3.084985,0.8198731,1.8241284,4.0675497,9.220272,6.0125217,1.5354521,0.7392247,0.7392247,0.7392247,0.7392247,0.7392247,1.1136296,1.2274134,2.0047085,0.81174684,10.327135,18.971323,41.72217,2.4747956,8.64025,2.3897364,1.2804883,1.5677264,0.7392247,3.155865,0.8699038,0.7392247,0.7392247,0.7392247,0.7392247,0.7392247,0.7392247,0.7392247,train
2023-06-09 00:00:00,4.461789,76.4921,3.0705206,38.122086,44.110443,20.741364,1.9890273,0.7392247,2.734975,4.0129414,5.4242477,5.9458976,2.5436509,0.7392247,0.7392247,0.7392247,0.7392247,0.7392247,1.3065827,1.2282898,2.689031,0.88424134,20.929422,19.95448,43.652607,3.9807713,15.568811,0.8348515,2.2001011,1.2459471,1.9861329,3.9507267,0.7870438,0.7392247,0.7392247,0.7392247,0.7392247,0.7392247,0.7392247,0.7392247,train
2023-06-10 00:00:00,2.248584,41.546932,2.3673089,22.204931,13.66258,6.998579,0.885834,0.7392247,1.4632094,1.9862969,3.2026913,2.0763218,0.7392247,0.7392247,0.7392247,0.7392247,0.7392247,0.7392247,0.9446337,1.4234631,2.3593981,0.7392247,15.620059,3.52405,39.806194,1.1166718,8.297719,0.7392247,1.7250483,0.9052136,0.7392247,2.7818663,0.7849057,0.7392247,0.7392247,0.7392247,0.7392247,0.7392247,0.7392247,0.7392247,train
2023-06-11 00:00:00,2.508713,78.04351,3.9339077,36.18059,51.002483,22.98581,1.2559206,1.428755,3.0921414,6.120291,6.3175006,7.1274033,8.395256,0.7392247,0.7392247,0.7392247,0.7392247,0.7392247,1.5821545,5.851386,4.226614,1.3284428,12.326473,21.197256,67.11891,5.8309813,19.663027,1.9521868,2.2480385,1.9117949,0.86311364,3.3772967,1.2090733,0.7392247,0.7392247,0.7392247,0.7392247,0.7392247,0.7392247,0.7392247,train
2023-06-12 00:00:00,8.827134,92.92607,6.820203,34.659294,42.686596,21.017061,4.0309734,0.9474528,2.4239533,9.962449,9.825913,8.406987,1.1232827,0.7392247,0.7392247,0.7392247,0.7392247,0.7392247,1.0959885,3.1396239,3.8770802,1.8968279,2.7186959,15.181249,46.585392,6.1748767,16.230848,1.0932992,1.9172108,3.794638,0.80738854,3.306965,0.7392247,0.7392247,0.7392247,0.7392247,0.7392247,0.7392247,0.7392247,0.7392247,train
2023-06-13 00:00:00,5.6469727,113.60711,7.832384,75.52096,72.96345,14.801351,5.636944,3.6555169,3.8936026,9.545449,14.564697,6.7429266,8.59412,0.7392247,0.7392247,0.7392247,0.7392247,0.7392247,1.3584311,2.1685584,2.7015107,1.3974488,8.555769,19.484543,51.619514,3.3246996,21.090755,1.1120608,2.306224,1.5121539,1.3692591,4.3461084,1.0212824,0.7392247,0.7392247,0.7392247,0.7392247,0.87005925,0.7392247,0.7392247,train
2023-06-14 00:00:00,17.344044,122.185265,7.67742,85.79696,104.51513,41.833538,5.0696335,1.0089953,5.1632423,11.121519,22.177526,16.628937,5.9408827,0.7392247,0.7392247,0.7392247,0.7392247,0.7392247,4.3483887,5.4257092,4.2005024,1.3653805,5.0739527,9.173964,71.306526,4.544018,23.472818,0.98616624,2.563372,3.886367,0.8183949,3.5866263,0.9256737,0.7392247,0.7392247,0.7392247,0.7392247,0.7392247,0.7392247,0.7392247,train
2023-06-15 00:00:00,4.4935055,129.18759,6.7353525,61.02835,106.70437,39.21283,4.0661488,1.0952399,3.2836735,11.268751,20.390905,10.008845,2.038956,0.7392247,0.7392247,0.7392247,0.7392247,0.7392247,2.4213402,6.50916,3.8244116,1.8021166,4.8894587,22.654623,38.014748,8.490601,12.215298,0.85078454,1.7290127,2.6448424,4.2497234,4.1275396,0.84608483,0.7392247,0.7392247,0.7392247,0.7392247,0.7392247,0.7392247,0.7392247,train
2023-06-16 00:00:00,3.8745081,122.38974,21.103556,65.084,103.52627,62.804333,4.4954576,3.0323622,3.5099375,5.975564,13.220071,16.33092,8.676023,0.7392247,0.7392247,0.7392247,0.7392247,0.7392247,2.9654763,4.214113,4.1457825,1.130522,15.909485,14.968465,39.322147,4.2015333,19.314693,1.0925086,1.5994732,3.5845263,0.9468596,3.1104147,1.0197012,0.7392247,0.7392247,0.7392247,0.7392247,0.7392247,0.7392247,0.7392247,train
2023-06-17 00:00:00,4.2707605,79.996994,8.851163,47.472527,68.307945,38.844383,2.309169,1.11286,4.6223526,5.1186543,14.47693,8.975651,2.3902066,0.7392247,0.7392247,0.7392247,0.7392247,0.7392247,1.1136296,2.288586,5.0773067,1.7736447,13.373881,26.358797,69.678734,1.6140873,17.244469,0.81891656,1.693331,2.543668,0.8833306,3.2530997,0.7392247,0.7392247,0.7392247,0.7392247,0.7392247,0.7392247,0.7392247,0.7392247,train
2023-06-18 00:00:00,7.912093,80.715385,12.374665,37.34649,61.288002,46.73698,1.0126345,1.858576,3.3907845,2.9021866,12.138845,10.107099,1.2463076,0.7392247,0.7392247,0.7392247,0.7392247,0.7392247,1.3903277,2.3317244,5.094618,1.9828417,22.60651,20.30144,86.409996,3.4060996,17.515245,1.2327912,1.6240103,1.7436907,0.9435818,3.541816,1.1253779,0.7392247,0.7392247,0.7392247,0.7392247,0.7392247,0.7392247,0.7392247,train
2023-06-19 00:00:00,2.8508189,95.90814,20.136702,57.469418,78.62748,45.872307,2.1200697,2.2265952,3.9487946,2.9888184,16.248394,15.682346,7.465554,0.7392247,0.7392247,0.7392247,0.7392247,0.7392247,4.1064205,2.0571826,4.4408236,4.758708,5.3979855,14.49965,56.736946,2.2682822,17.007633,1.1760571,2.4412491,3.430301,1.4829123,3.6413176,1.0514338,0.7392247,0.7392247,0.7392247,0.7392247,0.7392247,0.7392247,0.7392247,train
2023-06-20 00:00:00,1.6283228,109.02507,20.850512,74.6445,95.43663,49.829636,2.9115279,1.7301104,5.2794456,10.082971,27.20857,16.497215,18.875505,0.7392247,0.7392247,0.7392247,0.7392247,0.7392247,2.188101,3.4972994,6.5146956,3.3368113,18.250175,21.535576,95.862366,2.357324,37.064754,0.898577,3.1699555,1.2006581,2.061395,4.9113035,1.0271122,0.7392247,0.7392247,0.7392247,0.7392247,0.7392247,0.7392247,0.7392247,train
2023-06-21 00:00:00,7.878287,123.80674,23.704617,36.41808,95.5905,45.219345,2.1185067,1.095403,8.203656,18.619368,41.20618,28.402185,18.750393,0.7392247,0.7392247,0.7392247,0.7392247,0.7392247,6.283586,7.4071116,14.891785,4.8456535,21.070974,21.986702,108.69088,2.649317,32.773415,0.8667166,1.7726147,4.7113867,4.414816,6.8063827,0.85400033,0.7392247,0.7392247,0.7392247,0.7392247,0.93043256,0.7392247,0.7392247,train
2023-06-22 00:00:00,2.8292515,123.68624,21.355568,44.198044,104.6735,44.508484,3.7946951,1.4248459,5.3625035,17.344267,44.57942,20.81877,4.7746544,0.7392247,0.7392247,0.7392247,0.7392247,0.7392247,4.113765,7.328413,6.567362,2.9176056,22.864021,25.85616,96.62727,2.6307843,23.32355,0.91450524,1.8315613,4.0575457,1.1390479,5.017249,0.85092664,0.7392247,0.7392247,0.7392247,0.7392247,0.771106,0.7392247,0.7392247,train
2023-06-23 00:00:00,7.5215626,120.57986,16.51401,57.480972,112.6298,53.114872,2.392378,3.3015234,5.7011294,12.915907,40.278423,21.96544,12.273843,0.7392247,0.7392247,0.7392247,0.7392247,0.7392247,2.9915411,3.3241293,8.17122,1.8669598,24.035301,14.686576,95.93237,3.7689517,24.554827,1.2168896,2.093898,1.0534251,1.9035504,6.178487,1.0209467,0.7392247,0.7392247,0.7392247,0.7392247,1.1373618,0.7392247,0.7392247,train
2023-06-24 00:00:00,4.0219955,110.81447,12.557952,13.430801,79.655304,35.37238,1.8651707,0.7392247,5.627461,4.2068214,18.399378,14.137195,2.7616637,0.7392247,0.7392247,0.7392247,0.7392247,0.7392247,2.2801974,1.834945,4.036438,0.81174684,14.240772,5.0028257,77.73264,1.8993905,30.84572,0.8826468,1.4076178,1.4085562,0.9710686,3.9159224,0.76723313,0.7392247,0.7392247,0.7392247,0.7392247,0.898577,0.7392247,0.7392247,train
2023-06-25 00:00:00,12.746,115.50528,17.90869,33.869373,83.97233,45.436268,2.0482514,1.6493208,5.556275,3.3362572,32.66424,24.390848,10.902594,0.7392247,0.7392247,0.7392247,0.7392247,0.7392247,3.4485438,2.3968804,4.056941,2.3481991,14.430105,16.653059,99.105705,6.0430274,29.091593,1.5505316,1.3602526,7.190544,1.1692059,5.6454153,0.89891076,0.7392247,0.7392247,0.7392247,0.7392247,0.7392247,0.7392247,0.7392247,train
2023-06-26 00:00:00,17.31881,124.47141,24.169182,68.48864,94.25189,47.76846,2.0919573,2.5551178,8.887529,4.148617,34.69963,20.235409,6.72828,0.7392247,0.7392247,0.7392247,0.7392247,0.7392247,1.7674496,6.4189973,7.8311253,6.435139,7.998714,14.6414175,63.532993,1.9355891,36.29745,0.7392247,1.1883061,4.9480333,1.0778639,3.886062,1.0847294,0.7392247,0.7392247,0.7392247,0.7392247,0.7392247,0.7392247,0.7392247,train
2023-06-27 00:00:00,6.3772545,134.86137,21.574635,110.47912,113.838135,43.64892,2.4234316,2.3882468,11.970701,30.724867,42.47658,25.342213,9.14224,0.7392247,0.7392247,0.7392247,0.7392247,0.7392247,1.3056176,3.4278843,3.0387862,3.416464,15.26654,8.186527,104.506676,3.108926,46.419765,0.7392247,3.9267027,5.3550386,5.8052616,6.628635,0.9930842,0.7392247,0.7392247,0.7392247,0.7392247,0.7392247,0.7392247,0.7392247,test
2023-06-28 00:00:00,5.336659,55.81954,7.3788595,49.074833,30.525555,12.093908,1.58799,0.7392247,2.8305476,9.120685,12.57643,3.2312787,5.914936,0.7392247,0.7392247,0.7392247,0.7392247,0.7392247,2.172294,1.7916768,3.965378,2.5005696,8.810623,4.45226,40.329277,1.0673153,10.249863,0.7392247,1.3599541,0.7392247,0.8166945,2.5953934,0.8699038,0.7392247,0.7392247,0.7392247,0.7392247,0.7392247,0.7392247,0.7392247,test
2023-06-29 00:00:00,0.7392247,0.7392247,0.7392247,0.7392247,0.7392247,0.7392247,0.7392247,0.7392247,0.7392247,0.7392247,0.7392247,0.7392247,0.7392247,0.7392247,0.7392247,0.7392247,0.7392247,0.7392247,0.7392247,0.7392247,0.7392247,0.7392247,0.7392247,0.7392247,0.7392247,0.7392247,0.7392247,0.7392247,0.7392247,0.7392247,0.7392247,0.7392247,0.7392247,0.7392247,0.7392247,0.7392247,0.7392247,0.7392247,0.7392247,0.7392247,test
2023-06-30 00:00:00,0.7392247,0.7392247,0.7392247,0.7392247,0.7392247,0.7392247,0.7392247,0.7392247,0.7392247,0.7392247,0.7392247,0.7392247,0.7392247,0.7392247,0.7392247,0.7392247,0.7392247,0.7392247,0.7392247,0.7392247,0.7392247,0.7392247,0.7392247,0.7392247,0.7392247,0.7392247,0.7392247,0.7392247,0.7392247,0.7392247,0.7392247,0.7392247,0.7392247,0.7392247,0.7392247,0.7392247,0.7392247,0.7392247,0.7392247,0.7392247,test
2023-07-01 00:00:00,0.7392247,0.7392247,0.7392247,0.7392247,0.7392247,0.7392247,0.7392247,0.7392247,0.7392247,0.7392247,0.7392247,0.7392247,0.7392247,0.7392247,0.7392247,0.7392247,0.7392247,0.7392247,0.7392247,0.7392247,0.7392247,0.7392247,0.7392247,0.7392247,0.7392247,0.7392247,0.7392247,0.7392247,0.7392247,0.7392247,0.7392247,0.7392247,0.7392247,0.7392247,0.7392247,0.7392247,0.7392247,0.7392247,0.7392247,0.7392247,test
2023-07-02 00:00:00,0.7392247,0.7392247,0.7392247,0.7392247,0.7392247,0.7392247,0.7392247,0.7392247,0.7392247,0.7392247,0.7392247,0.7392247,0.7392247,0.7392247,0.7392247,0.7392247,0.7392247,0.7392247,0.7392247,0.7392247,0.7392247,0.7392247,0.7392247,0.7392247,0.7392247,0.7392247,0.7392247,0.7392247,0.7392247,0.7392247,0.7392247,0.7392247,0.7392247,0.7392247,0.7392247,0.7392247,0.7392247,0.7392247,0.7392247,0.7392247,test
2023-07-03 00:00:00,3.7212422,23.441273,1.182091,20.062407,12.1624155,3.8874838,1.6171868,0.85959744,1.0412209,3.0262883,4.9835653,1.4501765,1.6288683,0.7392247,0.7392247,0.7392247,0.7392247,0.7392247,0.9808581,2.1065533,3.2397187,1.4414456,4.158185,2.696048,21.537844,1.2232516,4.0032415,0.7392247,0.9310696,0.7392247,1.5677264,1.9861577,0.79023004,0.7392247,0.7392247,0.7392247,0.7392247,0.7392247,0.7392247,0.7392247,test
2023-07-04 00:00:00,11.196105,66.69003,6.306601,46.2084,35.376026,22.398487,1.6609747,0.9906695,2.0290577,6.745349,10.415607,8.642998,3.9013922,0.7392247,0.7392247,0.7392247,0.7392247,0.7392247,1.0610278,1.9675162,2.6819756,1.8169177,6.6959314,6.264498,52.249126,1.0632517,12.963055,0.7392247,1.0938094,1.4188426,0.848264,2.1415083,0.7392247,0.7392247,0.7392247,0.7392247,0.7392247,0.7392247,0.7392247,0.7392247,test
2023-07-05 00:00:00,8.612843,80.7419,14.764688,91.447784,54.856144,27.038803,1.3688529,1.1055405,2.814665,10.777891,17.048925,11.452545,4.910222,0.7392247,0.7392247,0.7392247,0.7392247,0.7392247,1.9568322,5.4394784,7.0349402,1.6499865,39.217697,12.7416115,91.46881,2.7998345,23.691038,0.7392247,0.8547833,0.9700978,1.0047419,3.8860276,0.8826468,0.7392247,0.7392247,0.7392247,0.7392247,0.7392247,0.7392247,0.7392247,test
2023-07-06 00:00:00,5.8600745,84.257,9.512396,92.1473,49.01577,21.482533,0.79054856,1.3604376,6.168902,17.92339,24.072565,11.97521,2.4063218,0.7392247,0.7392247,0.7392247,0.7392247,0.7392247,1.4884713,6.7323804,4.2939157,0.8897793,27.630106,6.363609,111.037346,2.6422331,52.71631,0.7392247,0.80298066,2.9604847,0.77331185,6.60862,0.98034024,0.7392247,0.7392247,0.7392247,0.7392247,0.7392247,0.7392247,0.7392247,test
2023-07-07 00:00:00,9.278299,112.75,10.50089,96.95563,67.01803,23.959429,0.9737532,1.9737351,2.748274,8.57069,19.814957,6.630768,7.637131,0.7392247,0.7392247,0.7392247,0.7392247,0.7392247,3.1680415,5.133606,3.8679287,2.1404402,10.736856,19.64672,96.817215,9.967204,28.632225,0.7392247,0.9971993,4.9364014,0.7392247,4.990904,1.2051327,0.7392247,0.7392247,0.7392247,0.7392247,0.78703713,0.7392247,0.7392247,test
2023-07-08 00:00:00,1.867902,65.704155,6.533193,54.37659,33.061108,13.094438,0.7392247,1.7016785,2.4239533,11.627154,9.7749,7.303134,16.34719,0.7392247,0.7392247,0.7392247,0.7392247,0.7392247,0.7392247,1.1989558,1.0841362,2.1735423,17.778364,10.492061,86.218956,1.1447709,22.2757,0.7392247,0.7870438,1.6807902,0.9435818,5.2795186,0.88051915,0.7392247,0.7392247,0.7392247,0.7392247,1.0333712,0.7392247,0.7392247,test
2023-07-09 00:00:00,7.366584,91.00779,9.895249,85.96503,51.733776,18.719845,1.5799305,2.0301297,3.3321955,5.866877,26.311775,6.474589,4.7695236,0.7392247,0.7392247,0.7392247,0.7392247,0.7392247,1.540601,1.5318415,4.3009453,1.4921105,26.29974,18.186453,103.671135,2.1382706,34.000885,0.7392247,0.9208758,1.4477065,1.6445754,5.758648,1.3014328,0.7392247,0.7392247,0.7392247,0.7392247,0.7392247,0.7392247,0.7392247,test
2023-07-10 00:00:00,3.8629878,99.321014,9.789934,75.40457,51.41167,23.823277,0.8491919,2.3475058,7.5393696,5.878936,36.746105,28.519747,0.7392247,0.7392247,0.7392247,0.7392247,0.7392247,0.7392247,1.7797062,3.8260148,7.9515586,0.7392247,23.089182,16.697437,106.57976,1.6457455,37.208973,0.7392247,0.8001301,2.9015305,5.470805,6.600704,0.91711926,0.7392247,0.7392247,0.7392247,0.7392247,0.7392247,0.7392247,0.7392247,test
2023-07-11 00:00:00,3.610803,106.647995,11.878361,72.98425,93.20185,40.40833,0.82720304,1.077986,6.209105,10.086253,40.248436,22.465782,1.6549246,0.7392247,0.7392247,0.7392247,0.7392247,0.7392247,1.0491536,1.2777989,5.9773417,1.1364872,37.64928,39.837437,128.78151,3.390468,44.761475,0.7392247,1.1854956,2.682421,1.2834685,6.9703526,1.1965449,0.7392247,0.7392247,0.7392247,0.7392247,1.1373618,0.7392247,0.7392247,test
2023-07-12 00:00:00,2.9610598,113.957016,14.429332,82.94259,98.87557,38.04954,1.0250113,0.82028985,6.1980505,19.999632,41.704334,24.625145,2.409508,0.7392247,0.7392247,0.7392247,0.7392247,0.7392247,1.3330863,3.4779685,6.6533437,3.3699954,33.239693,19.370281,108.57725,2.2159111,27.24292,0.7392247,0.89655614,4.8434067,1.1713421,7.076348,1.1026986,0.7392247,0.7392247,0.7392247,0.7392247,0.75337434,0.7392247,0.7392247,test
2023-07-13 00:00:00,2.9188683,101.77088,7.859207,60.445107,69.399826,30.71801,0.7392247,6.3669596,6.1923037,9.570653,20.333597,16.290817,5.7036257,0.7392247,0.7392247,0.7392247,0.7392247,0.7392247,2.7909691,4.191826,4.854225,1.9389746,17.232248,13.696505,108.50304,2.7368128,14.843214,1.1895926,2.0475762,1.9490969,0.7392247,4.7742367,1.1505749,0.7392247,0.7392247,0.7392247,0.7392247,0.7392247,0.7392247,0.7392247,test
2023-07-14 00:00:00,8.673688,113.64579,10.683384,49.93789,83.49899,36.780853,0.92247033,1.1226714,1.9082348,4.148694,10.183198,6.2827783,21.71403,0.7392247,0.7392247,0.7392247,0.7392247,0.7392247,1.404175,2.42637,3.2628825,0.7392247,13.102629,30.631287,91.51124,3.1211255,17.430912,2.8186333,12.11185,1.5885165,0.9223635,4.7712564,1.1556542,0.7392247,0.7392247,0.7392247,0.7392247,0.7392247,0.7392247,0.7392247,test
2023-07-15 00:00:00,1.408292,90.1625,9.668771,57.582417,58.65166,21.697737,0.7392247,1.3907778,2.7947142,6.6661596,8.090577,5.747481,4.3945074,0.7392247,0.7392247,0.7392247,0.7392247,0.7392247,1.1015627,2.8952744,1.706053,0.7392247,19.481197,8.5893345,43.194008,2.7479107,6.9828343,0.75516534,1.8086827,1.9925835,1.1135743,4.0715523,0.7615416,0.7392247,0.7392247,0.7392247,0.7392247,1.0896285,0.7392247,0.7392247,test
2023-07-16 00:00:00,5.08965,93.30125,4.213148,51.4623,49.367947,24.199553,5.855162,2.9445975,3.6403916,17.23899,12.738257,8.082588,10.5258255,0.7392247,0.7392247,0.7392247,0.7392247,0.7392247,1.8515484,3.84983,2.833217,1.0291502,15.677549,28.159239,60.49544,4.0465813,10.578927,1.6375496,2.961219,3.106068,1.2416527,4.302434,1.009372,0.7392247,0.7392247,0.7392247,0.7392247,0.7392247,0.7392247,0.7392247,test
2023-07-17 00:00:00,7.6498737,89.1372,5.3797383,69.470726,43.37441,20.3763,5.935295,2.2660477,3.2479517,11.278259,17.994972,5.737389,4.496167,0.7392247,0.7392247,0.7392247,0.7392247,0.7392247,1.1167185,2.3543532,2.552745,3.3993542,9.490989,13.18976,68.2252,3.510049,7.716134,1.7071288,2.1223319,3.9316332,1.685507,2.8107378,0.85400033,0.7392247,0.7392247,0.7392247,0.7392247,0.7392247,0.7392247,0.7392247,test
2023-07-18 00:00:00,4.8058443,112.36595,16.583118,52.42713,74.76612,32.10967,7.441762,0.9505007,2.6991198,10.648834,24.724958,11.378806,4.9021254,0.7392247,0.7392247,0.7392247,0.7392247,0.7392247,1.4511673,1.912699,4.178444,1.7298081,11.608051,18.719479,102.28341,3.3240712,20.845627,1.4235032,2.8628275,2.0630019,1.5527985,3.652074,0.91769147,0.7392247,0.7392247,0.7392247,0.7392247,0.7392247,0.7392247,0.7392247,test
2023-07-19 00:00:00,3.3285105,102.77118,13.236897,57.8313,57.57286,31.80076,9.1313925,1.9731629,2.7762835,6.8767824,14.307245,5.835305,2.6250002,0.7392247,0.7392247,0.7392247,0.7392247,0.7392247,1.0965359,2.4000905,4.2997084,5.606523,17.286682,22.165104,110.91413,2.725013,23.305874,1.0325482,2.6553519,5.4803796,0.80570817,6.9797673,0.96173024,0.7392247,0.7392247,0.7392247,0.7392247,0.7392247,0.7392247,0.7392247,test
2023-07-20 00:00:00,4.6968765,91.74841,19.839813,83.32781,63.346455,24.347126,4.0646105,0.7392247,4.735917,6.052798,13.892492,7.5798144,9.989365,0.7392247,0.7392247,0.7392247,0.7392247,0.7392247,1.6554081,5.020132,5.555251,2.5928519,8.946487,26.605818,108.439156,3.3279288,31.003773,0.81891656,2.0102417,2.0996954,1.3141901,4.795309,1.0567162,0.7392247,0.7392247,0.7392247,0.7392247,0.7392247,0.7392247,0.7392247,test
2023-07-21 00:00:00,7.145975,112.85549,20.377766,120.23425,79.69166,34.533688,5.667545,0.9357636,5.6361775,21.225063,24.09395,12.092887,11.791883,0.7392247,0.7392247,0.7392247,0.7392247,0.7392247,0.9204781,5.863064,3.4039757,2.0164301,33.010277,27.137032,111.80693,3.0977738,20.62589,1.296385,1.4870293,3.09707,0.90607953,5.6811857,1.0202973,0.7392247,0.7392247,0.7392247,0.7392247,0.7392247,0.7392247,0.7392247,test
2023-07-22 00:00:00,7.960847,89.527664,8.137289,94.24189,49.868916,21.457758,2.7251408,1.2929242,4.09089,21.748684,18.434406,9.679161,6.613376,0.7392247,0.7392247,0.7392247,0.7392247,0.7392247,1.0774281,2.48794,1.4728358,1.2739489,16.586872,13.404525,68.85186,2.318951,7.4023414,0.7392247,1.1765053,1.6352465,1.4791453,2.1448443,0.889704,0.7392247,0.7392247,0.7392247,0.7392247,0.7392247,0.7392247,0.7392247,test
2023-07-23 00:00:00,2.2480776,87.944046,10.868368,114.04078,47.190147,14.247413,1.4667141,2.5635378,2.1979706,25.741236,10.912121,6.847648,28.598387,0.7392247,0.7392247,0.7392247,0.7392247,0.7392247,1.4468215,10.894258,3.9605696,7.0127854,14.962413,13.056449,98.334625,2.6651118,19.703348,0.81891656,1.8213866,2.295091,2.5746386,5.2237997,1.1874077,0.7392247,0.7392247,0.7392247,0.7392247,0.7392247,0.7392247,0.7392247,test
2023-07-24 00:00:00,2.318021,56.355213,7.015959,99.55385,46.37551,12.415884,1.873399,1.1606982,2.2008517,19.188942,7.93572,5.9262276,16.781122,0.7392247,0.7392247,0.7392247,0.7392247,0.7392247,0.9204781,6.243873,4.393461,2.5894177,20.619286,17.688255,83.17774,3.177398,20.568008,1.5249951,1.9469073,4.840764,4.9467506,3.7325108,0.79660535,0.7392247,0.7392247,0.7392247,0.7392247,0.7392247,0.7392247,0.7392247,test
2023-07-25 00:00:00,2.436618,95.682144,12.160947,103.31805,78.98256,37.25125,6.646972,0.9116585,3.3663743,26.37169,43.88815,21.873657,5.293245,0.7392247,0.7392247,0.7392247,0.7392247,0.7392247,1.2107394,6.220321,4.9459667,3.2305052,34.33539,28.679005,111.17853,2.707598,20.619095,0.7392247,2.1217368,6.6082788,3.8027775,6.3475866,0.8603451,0.7392247,0.7392247,0.7392247,0.7392247,1.329572,0.7392247,0.7392247,test
2023-07-26 00:00:00,6.261831,93.152054,13.401508,92.85494,74.41395,31.913929,4.647435,1.7305377,2.004306,17.821308,25.09139,13.103086,18.456121,0.7392247,0.7392247,0.7392247,0.7392247,0.7392247,0.9700358,6.018104,4.1977625,2.9902184,50.711582,31.983671,123.736725,3.6949275,23.462448,1.2486918,2.3437426,3.268862,1.3708336,4.426508,0.97030187,0.7392247,0.7392247,0.7392247,0.7392247,0.7392247,0.7392247,0.7392247,test
2023-07-27 00:00:00,8.781139,72.446724,6.7782283,64.03272,57.057503,25.501873,2.028786,1.1224177,6.8448563,10.969014,21.859577,9.569013,4.9612675,0.7392247,0.7392247,0.7392247,0.7392247,0.7392247,1.5114872,5.5550714,2.6877987,1.4753668,42.822975,31.970507,123.808655,3.3178818,25.32508,0.7870438,2.057727,5.8022137,2.7057831,5.4806123,0.9172356,0.7392247,0.7392247,0.7392247,0.7392247,1.5404885,0.7392247,0.7392247,test
2023-07-28 00:00:00,6.8597865,112.924095,16.313034,98.65729,100.3798,33.66944,2.683448,1.7120469,5.277299,22.483864,39.373978,21.872366,12.325278,0.7392247,0.7392247,0.7392247,0.7392247,0.7392247,1.9883683,5.9481416,7.2293983,3.5747035,14.725154,36.45912,125.41561,5.547444,21.980927,1.2510903,1.6501372,2.424413,4.3168497,4.719203,1.2192261,0.7392247,0.7392247,0.7392247,0.7392247,0.81891656,0.7392247,0.7392247,test
2023-07-29 00:00:00,3.7896397,114.38982,12.03619,101.080574,106.48403,48.020645,1.9582913,2.8292887,4.4572506,17.695429,30.360855,16.589228,3.60232,0.7392247,0.7392247,0.7392247,0.7392247,0.7392247,2.4137833,4.069709,5.187298,1.5122178,49.58372,25.561138,125.67167,1.0632517,21.929289,0.8066704,1.1687005,2.143327,4.574641,4.7600994,0.7774813,0.7392247,0.7392247,0.7392247,0.7657521,0.898577,0.7392247,0.7392247,test
2023-07-30 00:00:00,3.6018918,81.59792,7.3771596,61.696583,49.764183,23.028204,1.566088,1.991895,6.2922316,25.46242,53.923016,29.312134,42.52958,0.7392247,0.7392247,0.7392247,0.7392247,0.7392247,1.9682839,2.8021462,4.9062824,1.719374,26.383114,15.694137,99.78767,1.1759694,15.565696,0.7392247,0.99127126,21.380114,1.236767,2.962578,0.80298066,0.7392247,0.7392247,0.7392247,0.7392247,1.0578015,0.7392247,0.7392247,test
2023-07-31 00:00:00,1.9574645,73.056435,11.193842,75.33343,62.14593,28.852331,1.346926,1.2840044,3.460482,7.5980296,24.790789,11.344504,31.692884,0.7392247,0.7392247,0.7392247,0.7392247,0.7392247,2.609357,6.9787207,6.8118057,1.6417544,23.836739,9.053756,83.92262,1.270303,18.914068,0.8667166,1.296385,3.0006707,0.87550664,2.3455822,0.7392247,0.7392247,0.7392247,0.7392247,11.455378,0.7392247,0.7392247,0.7392247,test
2023-08-01 00:00:00,5.403871,111.063194,15.180479,110.84648,97.64812,42.98276,1.0469782,1.0323336,9.32385,25.232176,45.75515,27.456926,4.52125,0.7392247,0.7392247,0.7392247,0.7392247,0.7392247,1.8973429,4.4514923,6.8714714,2.0939467,16.900091,14.060131,91.80011,1.740907,18.681595,0.8348515,1.1381705,2.5567982,2.093837,3.0660756,0.7870438,0.7392247,0.7392247,0.7392247,0.88966966,0.7392247,0.7392247,0.7392247,test
2023-08-02 00:00:00,14.460756,78.26811,6.233136,94.30335,64.06736,27.235172,3.5343382,0.7392247,2.0643208,8.2844095,17.962858,8.21067,25.37331,0.7392247,0.7392247,0.7392247,0.7392247,0.7392247,1.2090161,2.4409258,3.0558598,1.9377978,7.423465,7.763189,55.39383,1.730283,11.054101,1.3758442,1.2376044,2.9412148,3.6182559,3.063762,0.78739095,0.7392247,0.7392247,0.7392247,1.1055405,0.7392247,0.7392247,0.7392247,test
2023-08-03 00:00:00,6.1757917,80.63648,7.041597,99.09076,65.04261,29.910973,6.0136046,0.88966966,3.800111,13.617223,30.23264,16.748682,9.0000515,0.7392247,0.7392247,0.7392247,0.7392247,0.7392247,0.86247754,3.2896512,6.103079,2.3172867,19.974958,22.6057,79.17456,2.6016867,13.898842,0.7392247,1.3631966,3.7889025,2.1856587,3.1341727,0.8116715,0.7392247,0.7392247,0.7392247,0.7392247,0.7392247,0.7392247,0.7392247,test
2023-08-04 00:00:00,7.9166236,66.34646,8.257612,97.78613,62.562405,18.896326,3.8365204,0.8204825,3.6010478,8.756933,18.710312,5.610664,5.02464,0.7392247,0.7392247,0.7392247,0.7392247,0.7392247,1.2499497,5.075488,6.007938,2.555917,7.5644383,7.3985605,54.692226,1.792968,25.18308,0.9198096,1.4546025,3.4792426,2.9867718,2.6416886,0.7890723,0.7392247,0.7392247,0.7392247,0.7392247,0.7392247,0.7392247,0.7392247,test
2023-08-05 00:00:00,1.682338,79.03036,9.817594,81.669014,48.87732,21.23012,5.1524744,2.8850129,3.2705824,7.106182,7.963151,1.6942828,22.812534,0.7392247,0.7392247,0.7392247,0.7392247,0.7392247,0.86454797,3.4437335,2.4792368,2.1188824,8.211378,7.7176867,51.999443,1.0007308,9.544886,0.771106,0.9815047,1.4741957,1.8649085,2.7379467,0.8649094,0.7392247,0.7392247,0.7392247,0.7392247,0.7392247,0.7392247,0.7392247,test
2023-08-06 00:00:00,7.173635,66.09249,6.2440877,48.816086,48.893864,20.085405,5.0445957,0.8491919,2.624694,5.822622,13.606843,5.2047224,3.0972826,0.7392247,0.7392247,0.7392247,0.7392247,0.7392247,0.9087584,3.6625235,3.91828,3.1010163,5.5643635,26.845997,36.98083,5.79697,8.994274,1.306556,1.0737145,3.6307452,2.2442372,4.2349205,1.2837765,0.7392247,0.7392247,0.7392247,0.7392247,0.7392247,0.7392247,0.7392247,test
2023-08-07 00:00:00,4.0490646,73.74221,4.2023277,28.866264,36.43923,17.505976,3.4353716,0.9885504,4.025421,7.029051,10.245392,7.335094,2.3793623,0.7392247,0.7392247,0.7392247,0.7392247,0.7392247,0.8988459,2.0405009,2.7455075,1.8174164,4.553856,12.905431,31.884205,3.6186774,4.438361,0.771106,1.4392893,4.9656916,1.3095658,1.7632143,0.75516534,0.7392247,0.7392247,0.7392247,0.7392247,0.80303884,0.7392247,0.7392247,test
2023-08-08 00:00:00,2.5191376,95.682144,8.723699,58.0192,62.989307,28.060535,3.808102,0.81254315,5.155595,9.727976,24.550919,18.223076,3.4217408,0.7392247,0.7392247,0.7392247,0.7392247,0.7392247,1.0774281,2.9968588,4.2799444,2.3389647,11.72269,17.790333,74.96023,4.9434385,17.070822,0.771106,2.1547997,6.1780667,5.002386,5.9040804,0.950866,0.7392247,0.7392247,0.7392247,0.7392247,0.7392247,0.7392247,0.7392247,test
2023-08-09 00:00:00,2.0457432,27.584124,2.9974577,16.11982,14.935916,6.0221186,1.9957707,0.81254315,2.4239533,3.6214983,6.430589,4.1315823,6.5143566,0.7392247,0.7392247,0.7392247,0.7392247,0.7392247,0.7392247,1.4039242,1.3815053,0.75901246,5.1733027,6.8669767,10.493846,1.9469073,3.1013253,0.7392247,1.4750473,12.270436,0.7392247,1.6635096,0.7392247,0.7392247,0.7392247,0.7392247,0.7392247,0.7392247,0.7392247,0.7392247,test
